Piano,Beginner,150.66,,Trumpet,Beginner,84.99
Piano,Intermediate,206.35,,Guitar,Advanced,70.89
Piano,Advanced,300.15,,Piano,Beginner,70.89
Guitar,Beginner,50.45,,Cello,Intermediate,30.03
Guitar,Intermediate,70.89,,Piano,Intermediate,100.31
Guitar,Advanced,100.31,,Guitar,Intermediate,300.78
Violin,Beginner,100.35,,Guitar,Intermediate,410.35
Violin,Intermediate,130.35,,Drums,Beginner,50.45
Violin,Advanced,160.05,,Harp,Intermediate,55.45
Drums,Beginner,40.05,,Piano,Advanced,206.35
Drums,Intermediate,66.55,,Piano,Beginner,130.35
Drums,Advanced,90.95,,Harp,Beginner,130.35
Saxophone,Beginner,70.02,,Flute,Beginner,50.86
Saxophone,Intermediate,75.52,,Flute,Intermediate,110.89
Saxophone,Advanced,95.78,,Guitar,Advanced,350.89
Flute,Beginner,30.03,,Saxophone,Advanced,300.15
Flute,Intermediate,50.99,,Drums,Beginner,84.99
Flute,Advanced,50.86,,Harp,Beginner,140.21
Cello,Beginner,47.64,,Clarinet,Advanced,300.15
Cello,Intermediate,50.56,,Clarinet,Advanced,150.66
Cello,Advanced,60.69,,Piano,Advanced,160.05
Clarinet,Beginner,55.45,,Saxophone,Beginner,160.05
Clarinet,Intermediate,75.35,,Cello,Advanced,47.64
Clarinet,Advanced,84.99,,Clarinet,Beginner,75.52
Trumpet,Beginner,88.99,,Flute,Beginner,150.66
Trumpet,Intermediate,110.89,,Saxophone,Advanced,300.78
Trumpet,Advanced,140.21,,Saxophone,Advanced,70.89
Harp,Beginner,300.78,,Saxophone,Beginner,150.66
Harp,Intermediate,350.89,,Drums,Intermediate,50.45
Harp,Advanced,410.35,,Clarinet,Beginner,50.45
,,,,Cello,Advanced,95.78
,,,,Drums,Advanced,84.99
,,,,Harp,Advanced,50.86
,,,,Piano,Advanced,60.69
,,,,Harp,Advanced,40.05
,,,,Cello,Beginner,75.35
,,,,Trumpet,Beginner,110.89
,,,,Harp,Advanced,50.86
,,,,Clarinet,Intermediate,50.45
,,,,Cello,Beginner,66.55
,,,,Drums,Intermediate,160.05
,,,,Flute,Intermediate,206.35
,,,,Harp,Advanced,75.35
,,,,Clarinet,Intermediate,75.52
,,,,Trumpet,Intermediate,110.89
,,,,Harp,Advanced,350.89
,,,,Piano,Intermediate,50.56
,,,,Clarinet,Intermediate,75.35
,,,,Drums,Advanced,50.86
,,,,Trumpet,Beginner,350.89
,,,,Harp,Intermediate,84.99
,,,,Clarinet,Beginner,410.35
,,,,Saxophone,Intermediate,160.05
,,,,Guitar,Beginner,206.35
,,,,Clarinet,Advanced,55.45
,,,,Piano,Advanced,75.52
,,,,Flute,Intermediate,84.99
,,,,Clarinet,Intermediate,75.35
,,,,Guitar,Intermediate,90.95
,,,,Guitar,Intermediate,84.99
,,,,Piano,Advanced,30.03
,,,,Drums,Beginner,100.35
,,,,Trumpet,Intermediate,350.89
,,,,Cello,Intermediate,60.69
,,,,Piano,Intermediate,88.99
,,,,Harp,Advanced,50.45
,,,,Saxophone,Beginner,50.56
,,,,Piano,Beginner,140.21
,,,,Violin,Intermediate,150.66
,,,,Saxophone,Advanced,206.35
,,,,Piano,Intermediate,90.95
,,,,Piano,Intermediate,84.99
,,,,Flute,Advanced,100.35
,,,,Saxophone,Intermediate,140.21
,,,,Violin,Beginner,100.31
,,,,Saxophone,Advanced,140.21
,,,,Piano,Intermediate,410.35
,,,,Harp,Beginner,150.66
,,,,Flute,Intermediate,100.35
,,,,Cello,Advanced,300.78
,,,,Piano,Beginner,300.15
,,,,Trumpet,Intermediate,55.45
,,,,Flute,Intermediate,50.45
,,,,Drums,Advanced,160.05
,,,,Harp,Intermediate,40.05
,,,,Clarinet,Intermediate,350.89
,,,,Harp,Intermediate,84.99
,,,,Piano,Beginner,70.89
,,,,Flute,Beginner,140.21
,,,,Piano,Advanced,50.99
,,,,Trumpet,Intermediate,300.78
,,,,Guitar,Advanced,50.56
,,,,Piano,Advanced,50.56
,,,,Harp,Intermediate,300.15
,,,,Piano,Advanced,47.64
,,,,Trumpet,Beginner,300.15
,,,,Trumpet,Intermediate,50.86
,,,,Saxophone,Intermediate,88.99
,,,,Drums,Beginner,70.02
,,,,Violin,Advanced,95.78
,,,,Saxophone,Beginner,30.03
,,,,Cello,Intermediate,140.21
,,,,Violin,Beginner,60.69
,,,,Drums,Advanced,47.64
,,,,Harp,Beginner,100.31
,,,,Saxophone,Advanced,130.35
,,,,Guitar,Beginner,55.45
,,,,Clarinet,Advanced,55.45
,,,,Trumpet,Advanced,88.99
,,,,Drums,Beginner,47.64
,,,,Violin,Beginner,95.78
,,,,Drums,Advanced,160.05
,,,,Violin,Advanced,350.89
,,,,Flute,Beginner,70.89
,,,,Drums,Beginner,55.45
,,,,Violin,Intermediate,350.89
,,,,Drums,Advanced,70.89
,,,,Flute,Advanced,100.31
,,,,Clarinet,Beginner,75.52
,,,,Trumpet,Beginner,100.31
,,,,Saxophone,Intermediate,50.86
,,,,Harp,Advanced,70.02
,,,,Violin,Intermediate,70.02
,,,,Violin,Beginner,66.55
,,,,Cello,Advanced,88.99
,,,,Violin,Intermediate,84.99
,,,,Flute,Intermediate,50.45
,,,,Piano,Beginner,70.02
,,,,Guitar,Intermediate,150.66
,,,,Piano,Intermediate,100.31
,,,,Violin,Beginner,110.89
,,,,Flute,Intermediate,47.64
,,,,Piano,Beginner,100.35
,,,,Cello,Beginner,88.99
,,,,Harp,Intermediate,70.02
,,,,Piano,Advanced,300.15
,,,,Violin,Advanced,70.89
,,,,Guitar,Intermediate,300.78
,,,,Guitar,Beginner,30.03
,,,,Guitar,Advanced,75.52
,,,,Flute,Beginner,75.35
,,,,Harp,Intermediate,160.05
,,,,Cello,Intermediate,100.35
,,,,Trumpet,Advanced,50.56
,,,,Cello,Beginner,75.52
,,,,Violin,Intermediate,50.56
,,,,Violin,Intermediate,47.64
,,,,Clarinet,Intermediate,50.86
,,,,Clarinet,Advanced,60.69
,,,,Drums,Advanced,30.03
,,,,Cello,Advanced,75.52
,,,,Piano,Intermediate,84.99
,,,,Guitar,Advanced,350.89
,,,,Cello,Advanced,300.78
,,,,Piano,Advanced,100.31
,,,,Flute,Beginner,110.89
,,,,Piano,Beginner,75.52
,,,,Drums,Intermediate,50.99
,,,,Clarinet,Beginner,100.35
,,,,Cello,Beginner,50.45
,,,,Saxophone,Intermediate,50.45
,,,,Piano,Beginner,95.78
,,,,Saxophone,Advanced,50.86
,,,,Flute,Intermediate,206.35
,,,,Harp,Beginner,206.35
,,,,Trumpet,Advanced,160.05
,,,,Saxophone,Advanced,84.99
,,,,Flute,Advanced,95.78
,,,,Clarinet,Beginner,90.95
,,,,Flute,Advanced,50.86
,,,,Violin,Advanced,75.52
,,,,Flute,Beginner,100.35
,,,,Flute,Beginner,70.89
,,,,Violin,Advanced,90.95
,,,,Clarinet,Intermediate,55.45
,,,,Flute,Advanced,47.64
,,,,Trumpet,Beginner,50.56
,,,,Piano,Intermediate,130.35
,,,,Clarinet,Beginner,150.66
,,,,Trumpet,Beginner,55.45
,,,,Flute,Advanced,160.05
,,,,Guitar,Intermediate,95.78
,,,,Piano,Beginner,75.35
,,,,Harp,Beginner,110.89
,,,,Trumpet,Beginner,90.95
,,,,Clarinet,Beginner,66.55
,,,,Cello,Beginner,206.35
,,,,Saxophone,Intermediate,75.35
,,,,Piano,Beginner,160.05
,,,,Clarinet,Intermediate,55.45
,,,,Flute,Beginner,50.45
,,,,Guitar,Advanced,160.05
,,,,Drums,Advanced,100.35
,,,,Violin,Beginner,40.05
,,,,Guitar,Advanced,100.35
,,,,Flute,Beginner,206.35
,,,,Cello,Intermediate,50.45
,,,,Cello,Advanced,300.78
,,,,Drums,Beginner,70.02
,,,,Harp,Intermediate,55.45
,,,,Drums,Advanced,50.56
,,,,Guitar,Intermediate,40.05
,,,,Violin,Intermediate,50.45
,,,,Piano,Advanced,140.21
,,,,Trumpet,Intermediate,55.45
,,,,Saxophone,Advanced,410.35
,,,,Violin,Beginner,160.05
,,,,Cello,Advanced,70.02
,,,,Cello,Beginner,206.35
,,,,Drums,Intermediate,90.95
,,,,Guitar,Beginner,95.78
,,,,Cello,Advanced,50.45
,,,,Cello,Beginner,60.69
,,,,Clarinet,Advanced,30.03
,,,,Drums,Advanced,410.35
,,,,Drums,Beginner,50.99
,,,,Trumpet,Advanced,90.95
,,,,Flute,Advanced,100.35
,,,,Cello,Beginner,160.05
,,,,Piano,Advanced,47.64
,,,,Piano,Advanced,100.31
,,,,Guitar,Beginner,90.95
,,,,Drums,Intermediate,66.55
,,,,Cello,Beginner,75.35
,,,,Piano,Advanced,130.35
,,,,Trumpet,Intermediate,88.99
,,,,Piano,Beginner,300.78
,,,,Trumpet,Beginner,160.05
,,,,Flute,Intermediate,160.05
,,,,Clarinet,Beginner,50.56
,,,,Guitar,Advanced,66.55
,,,,Violin,Advanced,130.35
,,,,Guitar,Intermediate,300.78
,,,,Harp,Advanced,47.64
,,,,Cello,Beginner,100.31
,,,,Piano,Intermediate,30.03
,,,,Drums,Beginner,95.78
,,,,Saxophone,Intermediate,300.78
,,,,Violin,Intermediate,410.35
,,,,Cello,Advanced,55.45
,,,,Violin,Advanced,90.95
,,,,Piano,Beginner,88.99
,,,,Harp,Beginner,75.52
,,,,Clarinet,Advanced,50.56
,,,,Flute,Intermediate,300.78
,,,,Flute,Intermediate,90.95
,,,,Trumpet,Beginner,66.55
,,,,Cello,Beginner,300.78
,,,,Saxophone,Beginner,50.86
,,,,Guitar,Advanced,100.35
,,,,Harp,Intermediate,50.86
,,,,Harp,Advanced,75.35
,,,,Drums,Intermediate,150.66
,,,,Violin,Intermediate,50.86
,,,,Guitar,Advanced,84.99
,,,,Saxophone,Intermediate,300.15
,,,,Cello,Beginner,140.21
,,,,Saxophone,Beginner,130.35
,,,,Violin,Advanced,410.35
,,,,Clarinet,Intermediate,55.45
,,,,Guitar,Advanced,410.35
,,,,Flute,Advanced,110.89
,,,,Guitar,Advanced,70.02
,,,,Violin,Advanced,130.35
,,,,Cello,Intermediate,75.52
,,,,Violin,Intermediate,75.52
,,,,Violin,Intermediate,410.35
,,,,Flute,Intermediate,88.99
,,,,Trumpet,Intermediate,47.64
,,,,Saxophone,Advanced,70.89
,,,,Guitar,Beginner,300.78
,,,,Violin,Intermediate,75.35
,,,,Violin,Beginner,206.35
,,,,Guitar,Intermediate,150.66
,,,,Drums,Beginner,410.35
,,,,Piano,Beginner,100.35
,,,,Drums,Intermediate,50.86
,,,,Clarinet,Advanced,47.64
,,,,Flute,Intermediate,30.03
,,,,Cello,Advanced,300.15
,,,,Guitar,Beginner,160.05
,,,,Saxophone,Advanced,150.66
,,,,Trumpet,Intermediate,66.55
,,,,Clarinet,Intermediate,100.31
,,,,Clarinet,Advanced,50.86
,,,,Clarinet,Beginner,60.69
,,,,Flute,Intermediate,30.03
,,,,Cello,Advanced,70.89
,,,,Harp,Advanced,90.95
,,,,Clarinet,Intermediate,84.99
,,,,Clarinet,Intermediate,70.02
,,,,Piano,Intermediate,300.15
,,,,Drums,Advanced,50.45
,,,,Guitar,Beginner,50.99
,,,,Clarinet,Beginner,60.69
,,,,Violin,Intermediate,100.35
,,,,Violin,Intermediate,50.56
,,,,Trumpet,Advanced,410.35
,,,,Clarinet,Beginner,50.99
,,,,Drums,Beginner,84.99
,,,,Harp,Intermediate,410.35
,,,,Saxophone,Beginner,55.45
,,,,Cello,Beginner,140.21
,,,,Clarinet,Intermediate,300.78
,,,,Flute,Advanced,50.56
,,,,Saxophone,Advanced,50.56
,,,,Cello,Intermediate,30.03
,,,,Trumpet,Beginner,300.78
,,,,Violin,Advanced,66.55
,,,,Harp,Beginner,150.66
,,,,Saxophone,Beginner,75.52
,,,,Violin,Advanced,50.86
,,,,Harp,Beginner,50.99
,,,,Guitar,Beginner,50.45
,,,,Trumpet,Beginner,60.69
,,,,Piano,Beginner,95.78
,,,,Piano,Intermediate,75.35
,,,,Drums,Intermediate,110.89
,,,,Harp,Beginner,100.35
,,,,Flute,Beginner,50.56
,,,,Clarinet,Advanced,300.15
,,,,Saxophone,Beginner,50.45
,,,,Trumpet,Advanced,66.55
,,,,Drums,Advanced,88.99
,,,,Guitar,Intermediate,40.05
,,,,Flute,Intermediate,70.02
,,,,Drums,Beginner,300.15
,,,,Trumpet,Advanced,160.05
,,,,Clarinet,Intermediate,50.86
,,,,Saxophone,Beginner,50.45
,,,,Harp,Beginner,100.35
,,,,Clarinet,Advanced,206.35
,,,,Flute,Intermediate,140.21
,,,,Violin,Beginner,410.35
,,,,Clarinet,Advanced,50.99
,,,,Saxophone,Intermediate,75.35
,,,,Flute,Advanced,110.89
,,,,Drums,Beginner,75.52
,,,,Trumpet,Intermediate,100.35
,,,,Harp,Beginner,206.35
,,,,Guitar,Intermediate,30.03
,,,,Piano,Advanced,410.35
,,,,Trumpet,Advanced,47.64
,,,,Drums,Intermediate,70.02
,,,,Clarinet,Beginner,84.99
,,,,Clarinet,Intermediate,47.64
,,,,Piano,Advanced,88.99
,,,,Guitar,Beginner,70.89
,,,,Clarinet,Intermediate,300.15
,,,,Violin,Beginner,90.95
,,,,Cello,Advanced,300.15
,,,,Guitar,Intermediate,150.66
,,,,Harp,Beginner,300.78
,,,,Harp,Intermediate,60.69
,,,,Clarinet,Beginner,110.89
,,,,Clarinet,Beginner,410.35
,,,,Cello,Intermediate,47.64
,,,,Cello,Advanced,206.35
,,,,Cello,Advanced,84.99
,,,,Cello,Intermediate,47.64
,,,,Harp,Advanced,100.31
,,,,Drums,Intermediate,140.21
,,,,Trumpet,Beginner,47.64
,,,,Drums,Advanced,95.78
,,,,Violin,Intermediate,75.35
,,,,Saxophone,Advanced,300.15
,,,,Cello,Advanced,30.03
,,,,Cello,Beginner,95.78
,,,,Violin,Advanced,75.35
,,,,Trumpet,Advanced,70.02
,,,,Saxophone,Intermediate,50.56
,,,,Drums,Beginner,206.35
,,,,Trumpet,Beginner,60.69
,,,,Cello,Beginner,350.89
,,,,Violin,Beginner,30.03
,,,,Trumpet,Intermediate,47.64
,,,,Violin,Beginner,70.89
,,,,Harp,Beginner,50.45
,,,,Guitar,Intermediate,100.35
,,,,Trumpet,Advanced,350.89
,,,,Violin,Advanced,50.45
,,,,Harp,Intermediate,70.89
,,,,Trumpet,Beginner,70.02
,,,,Flute,Advanced,88.99
,,,,Cello,Advanced,100.31
,,,,Piano,Intermediate,95.78
,,,,Violin,Beginner,50.45
,,,,Trumpet,Intermediate,130.35
,,,,Flute,Beginner,70.02
,,,,Clarinet,Beginner,100.31
,,,,Piano,Intermediate,50.56
,,,,Clarinet,Beginner,70.89
,,,,Violin,Advanced,40.05
,,,,Clarinet,Beginner,410.35
,,,,Clarinet,Advanced,100.35
,,,,Cello,Advanced,410.35
,,,,Violin,Intermediate,50.56
,,,,Violin,Beginner,50.45
,,,,Drums,Intermediate,160.05
,,,,Guitar,Beginner,55.45
,,,,Piano,Advanced,66.55
,,,,Flute,Intermediate,50.56
,,,,Piano,Intermediate,140.21
,,,,Trumpet,Advanced,70.02
,,,,Harp,Advanced,110.89
,,,,Trumpet,Advanced,350.89
,,,,Guitar,Beginner,110.89
,,,,Trumpet,Beginner,110.89
,,,,Drums,Advanced,75.35
,,,,Guitar,Advanced,100.35
,,,,Trumpet,Intermediate,88.99
,,,,Clarinet,Advanced,30.03
,,,,Violin,Beginner,60.69
,,,,Clarinet,Beginner,50.56
,,,,Guitar,Beginner,410.35
,,,,Piano,Beginner,140.21
,,,,Clarinet,Beginner,88.99
,,,,Saxophone,Advanced,84.99
,,,,Trumpet,Advanced,47.64
,,,,Piano,Beginner,110.89
,,,,Cello,Intermediate,300.78
,,,,Drums,Beginner,84.99
,,,,Cello,Advanced,47.64
,,,,Flute,Advanced,300.78
,,,,Cello,Beginner,47.64
,,,,Saxophone,Beginner,50.86
,,,,Piano,Beginner,50.86
,,,,Piano,Advanced,50.86
,,,,Flute,Advanced,90.95
,,,,Clarinet,Intermediate,40.05
,,,,Drums,Intermediate,50.45
,,,,Piano,Beginner,50.45
,,,,Clarinet,Advanced,150.66
,,,,Guitar,Advanced,75.52
,,,,Guitar,Advanced,66.55
,,,,Violin,Beginner,150.66
,,,,Saxophone,Intermediate,50.45
,,,,Violin,Beginner,75.35
,,,,Flute,Intermediate,50.86
,,,,Saxophone,Beginner,70.89
,,,,Guitar,Advanced,130.35
,,,,Guitar,Intermediate,55.45
,,,,Piano,Intermediate,90.95
,,,,Trumpet,Intermediate,300.15
,,,,Piano,Beginner,50.56
,,,,Saxophone,Beginner,50.56
,,,,Flute,Beginner,50.99
,,,,Piano,Beginner,150.66
,,,,Drums,Beginner,40.05
,,,,Guitar,Advanced,66.55
,,,,Clarinet,Intermediate,300.78
,,,,Saxophone,Advanced,88.99
,,,,Flute,Intermediate,88.99
,,,,Harp,Advanced,95.78
,,,,Drums,Intermediate,70.02
,,,,Harp,Intermediate,95.78
,,,,Drums,Beginner,50.56
,,,,Violin,Beginner,50.86
,,,,Harp,Advanced,130.35
,,,,Piano,Beginner,350.89
,,,,Flute,Beginner,50.56
,,,,Flute,Intermediate,160.05
,,,,Trumpet,Intermediate,50.56
,,,,Flute,Advanced,40.05
,,,,Saxophone,Advanced,350.89
,,,,Trumpet,Intermediate,130.35
,,,,Harp,Beginner,95.78
,,,,Piano,Intermediate,66.55
,,,,Harp,Advanced,300.78
,,,,Clarinet,Advanced,300.15
,,,,Piano,Advanced,50.56
,,,,Guitar,Advanced,50.86
,,,,Violin,Beginner,50.86
,,,,Clarinet,Beginner,95.78
,,,,Violin,Beginner,50.86
,,,,Piano,Advanced,95.78
,,,,Drums,Beginner,50.45
,,,,Trumpet,Advanced,110.89
,,,,Clarinet,Advanced,75.35
,,,,Harp,Intermediate,84.99
,,,,Clarinet,Beginner,55.45
,,,,Drums,Beginner,350.89
,,,,Trumpet,Intermediate,100.35
,,,,Drums,Advanced,300.78
,,,,Clarinet,Advanced,55.45
,,,,Violin,Intermediate,90.95
,,,,Violin,Advanced,55.45
,,,,Violin,Intermediate,55.45
,,,,Trumpet,Advanced,90.95
,,,,Flute,Intermediate,66.55
,,,,Piano,Intermediate,130.35
,,,,Violin,Beginner,70.02
,,,,Drums,Intermediate,75.52
,,,,Saxophone,Intermediate,88.99
,,,,Violin,Advanced,350.89
,,,,Harp,Beginner,160.05
,,,,Drums,Beginner,75.35
,,,,Drums,Advanced,350.89
,,,,Drums,Beginner,88.99
,,,,Clarinet,Advanced,47.64
,,,,Piano,Intermediate,60.69
,,,,Clarinet,Beginner,100.35
,,,,Saxophone,Intermediate,206.35
,,,,Cello,Beginner,150.66
,,,,Guitar,Advanced,30.03
,,,,Violin,Intermediate,47.64
,,,,Clarinet,Intermediate,70.02
,,,,Piano,Intermediate,70.02
,,,,Violin,Advanced,160.05
,,,,Drums,Beginner,150.66
,,,,Guitar,Intermediate,50.56
,,,,Trumpet,Beginner,50.56
,,,,Guitar,Intermediate,100.31
,,,,Flute,Intermediate,160.05
,,,,Drums,Beginner,30.03
,,,,Harp,Intermediate,47.64
,,,,Harp,Intermediate,70.89
,,,,Trumpet,Intermediate,100.31
,,,,Flute,Advanced,40.05
,,,,Trumpet,Intermediate,140.21
,,,,Cello,Advanced,50.86
,,,,Harp,Intermediate,95.78
,,,,Trumpet,Advanced,30.03
,,,,Piano,Advanced,350.89
,,,,Trumpet,Beginner,100.35
,,,,Flute,Advanced,130.35
,,,,Guitar,Advanced,130.35
,,,,Guitar,Intermediate,55.45
,,,,Violin,Advanced,88.99
,,,,Flute,Advanced,130.35
,,,,Flute,Intermediate,300.15
,,,,Guitar,Intermediate,206.35
,,,,Flute,Beginner,47.64
,,,,Trumpet,Beginner,410.35
,,,,Saxophone,Beginner,100.35
,,,,Trumpet,Beginner,95.78
,,,,Cello,Intermediate,50.86
,,,,Piano,Beginner,100.35
,,,,Clarinet,Intermediate,30.03
,,,,Harp,Intermediate,100.31
,,,,Flute,Advanced,90.95
,,,,Trumpet,Intermediate,70.02
,,,,Drums,Intermediate,300.15
,,,,Drums,Intermediate,55.45
,,,,Piano,Beginner,206.35
,,,,Flute,Beginner,410.35
,,,,Guitar,Beginner,60.69
,,,,Flute,Intermediate,100.35
,,,,Flute,Beginner,47.64
,,,,Harp,Beginner,100.35
,,,,Guitar,Beginner,60.69
,,,,Saxophone,Intermediate,47.64
,,,,Guitar,Beginner,50.56
,,,,Saxophone,Advanced,130.35
,,,,Violin,Intermediate,130.35
,,,,Piano,Advanced,75.52
,,,,Guitar,Advanced,60.69
,,,,Flute,Advanced,50.45
,,,,Clarinet,Beginner,40.05
,,,,Clarinet,Beginner,50.56
,,,,Drums,Beginner,40.05
,,,,Clarinet,Intermediate,300.15
,,,,Drums,Intermediate,84.99
,,,,Violin,Beginner,50.86
,,,,Drums,Beginner,88.99
,,,,Cello,Beginner,75.35
,,,,Clarinet,Advanced,150.66
,,,,Drums,Beginner,300.15
,,,,Cello,Advanced,40.05
,,,,Trumpet,Advanced,410.35
,,,,Cello,Beginner,300.15
,,,,Violin,Intermediate,55.45
,,,,Harp,Beginner,50.99
,,,,Piano,Beginner,95.78
,,,,Saxophone,Beginner,75.52
,,,,Piano,Advanced,160.05
,,,,Violin,Advanced,350.89
,,,,Trumpet,Beginner,75.52
,,,,Trumpet,Intermediate,84.99
,,,,Clarinet,Advanced,75.52
,,,,Piano,Beginner,66.55
,,,,Flute,Advanced,160.05
,,,,Saxophone,Beginner,47.64
,,,,Harp,Beginner,88.99
,,,,Cello,Beginner,50.99
,,,,Violin,Beginner,160.05
,,,,Flute,Beginner,40.05
,,,,Trumpet,Intermediate,66.55
,,,,Clarinet,Intermediate,70.89
,,,,Trumpet,Beginner,150.66
,,,,Violin,Beginner,100.31
,,,,Piano,Advanced,206.35
,,,,Clarinet,Intermediate,47.64
,,,,Clarinet,Beginner,50.56
,,,,Harp,Beginner,206.35
,,,,Drums,Beginner,47.64
,,,,Flute,Beginner,60.69
,,,,Guitar,Advanced,350.89
,,,,Violin,Intermediate,140.21
,,,,Trumpet,Intermediate,300.15
,,,,Harp,Beginner,140.21
,,,,Clarinet,Beginner,300.78
,,,,Harp,Intermediate,110.89
,,,,Drums,Advanced,130.35
,,,,Cello,Advanced,100.35
,,,,Cello,Intermediate,100.31
,,,,Saxophone,Beginner,55.45
,,,,Violin,Advanced,66.55
,,,,Cello,Advanced,75.52
,,,,Trumpet,Advanced,47.64
,,,,Flute,Intermediate,130.35
,,,,Cello,Advanced,206.35
,,,,Saxophone,Intermediate,70.02
,,,,Flute,Intermediate,300.78
,,,,Drums,Intermediate,84.99
,,,,Trumpet,Beginner,350.89
,,,,Guitar,Beginner,100.31
,,,,Flute,Beginner,300.15
,,,,Harp,Advanced,70.89
,,,,Guitar,Intermediate,100.35
,,,,Guitar,Beginner,40.05
,,,,Harp,Beginner,300.15
,,,,Harp,Advanced,50.45
,,,,Harp,Advanced,350.89
,,,,Harp,Advanced,206.35
,,,,Guitar,Beginner,47.64
,,,,Clarinet,Advanced,40.05
,,,,Clarinet,Intermediate,90.95
,,,,Saxophone,Beginner,84.99
,,,,Flute,Beginner,150.66
,,,,Clarinet,Advanced,206.35
,,,,Harp,Advanced,95.78
,,,,Violin,Intermediate,70.02
,,,,Harp,Beginner,90.95
,,,,Guitar,Beginner,50.56
,,,,Harp,Beginner,100.31
,,,,Trumpet,Beginner,66.55
,,,,Trumpet,Intermediate,410.35
,,,,Guitar,Intermediate,50.99
,,,,Violin,Beginner,100.31
,,,,Trumpet,Advanced,410.35
,,,,Drums,Intermediate,410.35
,,,,Trumpet,Advanced,350.89
,,,,Violin,Intermediate,300.78
,,,,Flute,Beginner,130.35
,,,,Harp,Advanced,66.55
,,,,Saxophone,Advanced,70.89
,,,,Saxophone,Intermediate,140.21
,,,,Drums,Beginner,88.99
,,,,Saxophone,Beginner,110.89
,,,,Flute,Intermediate,50.99
,,,,Piano,Intermediate,40.05
,,,,Trumpet,Advanced,140.21
,,,,Guitar,Beginner,88.99
,,,,Violin,Advanced,75.35
,,,,Guitar,Advanced,75.35
,,,,Clarinet,Advanced,75.35
,,,,Trumpet,Advanced,60.69
,,,,Saxophone,Intermediate,55.45
,,,,Guitar,Beginner,130.35
,,,,Clarinet,Intermediate,350.89
,,,,Cello,Intermediate,350.89
,,,,Trumpet,Intermediate,110.89
,,,,Violin,Advanced,140.21
,,,,Saxophone,Advanced,140.21
,,,,Clarinet,Intermediate,66.55
,,,,Guitar,Beginner,55.45
,,,,Harp,Beginner,50.56
,,,,Harp,Advanced,70.89
,,,,Drums,Advanced,410.35
,,,,Clarinet,Advanced,206.35
,,,,Trumpet,Intermediate,70.89
,,,,Flute,Beginner,60.69
,,,,Flute,Beginner,300.15
,,,,Flute,Intermediate,50.56
,,,,Clarinet,Advanced,75.35
,,,,Trumpet,Intermediate,50.86
,,,,Drums,Intermediate,300.78
,,,,Drums,Beginner,30.03
,,,,Trumpet,Intermediate,66.55
,,,,Guitar,Beginner,160.05
,,,,Violin,Beginner,410.35
,,,,Guitar,Advanced,55.45
,,,,Saxophone,Beginner,50.56
,,,,Drums,Intermediate,90.95
,,,,Trumpet,Intermediate,70.02
,,,,Clarinet,Intermediate,75.52
,,,,Piano,Advanced,95.78
,,,,Cello,Advanced,130.35
,,,,Harp,Beginner,410.35
,,,,Flute,Advanced,70.89
,,,,Flute,Advanced,150.66
,,,,Guitar,Advanced,84.99
,,,,Trumpet,Advanced,350.89
,,,,Trumpet,Advanced,88.99
,,,,Cello,Advanced,140.21
,,,,Cello,Intermediate,66.55
,,,,Flute,Beginner,160.05
,,,,Saxophone,Beginner,75.35
,,,,Clarinet,Beginner,30.03
,,,,Cello,Beginner,100.31
,,,,Cello,Beginner,66.55
,,,,Flute,Intermediate,60.69
,,,,Piano,Advanced,70.89
,,,,Piano,Advanced,70.02
,,,,Cello,Beginner,160.05
,,,,Trumpet,Intermediate,55.45
,,,,Guitar,Advanced,90.95
,,,,Clarinet,Advanced,47.64
,,,,Clarinet,Beginner,206.35
,,,,Drums,Intermediate,50.86
,,,,Harp,Beginner,60.69
,,,,Guitar,Intermediate,30.03
,,,,Violin,Advanced,60.69
,,,,Violin,Advanced,70.89
,,,,Flute,Intermediate,130.35
,,,,Trumpet,Advanced,140.21
,,,,Clarinet,Advanced,90.95
,,,,Flute,Beginner,206.35
,,,,Cello,Intermediate,47.64
,,,,Trumpet,Beginner,55.45
,,,,Piano,Advanced,410.35
,,,,Flute,Advanced,55.45
,,,,Piano,Intermediate,50.45
,,,,Violin,Intermediate,75.35
,,,,Cello,Beginner,350.89
,,,,Violin,Advanced,84.99
,,,,Violin,Intermediate,84.99
,,,,Cello,Intermediate,300.15
,,,,Drums,Intermediate,50.45
,,,,Trumpet,Beginner,60.69
,,,,Drums,Advanced,140.21
,,,,Drums,Intermediate,150.66
,,,,Harp,Beginner,84.99
,,,,Clarinet,Intermediate,90.95
,,,,Guitar,Intermediate,75.52
,,,,Cello,Advanced,300.78
,,,,Trumpet,Beginner,206.35
,,,,Harp,Advanced,30.03
,,,,Trumpet,Intermediate,66.55
,,,,Saxophone,Beginner,110.89
,,,,Cello,Beginner,350.89
,,,,Flute,Intermediate,88.99
,,,,Saxophone,Advanced,110.89
,,,,Violin,Advanced,410.35
,,,,Trumpet,Advanced,70.02
,,,,Violin,Intermediate,130.35
,,,,Clarinet,Advanced,140.21
,,,,Harp,Beginner,90.95
,,,,Violin,Intermediate,110.89
,,,,Violin,Intermediate,410.35
,,,,Piano,Intermediate,95.78
,,,,Clarinet,Beginner,150.66
,,,,Piano,Advanced,50.86
,,,,Saxophone,Beginner,70.02
,,,,Piano,Intermediate,50.45
,,,,Saxophone,Beginner,50.45
,,,,Flute,Beginner,160.05
,,,,Harp,Advanced,140.21
,,,,Drums,Beginner,100.31
,,,,Trumpet,Advanced,84.99
,,,,Piano,Intermediate,300.78
,,,,Saxophone,Advanced,300.78
,,,,Harp,Beginner,150.66
,,,,Clarinet,Intermediate,75.35
,,,,Saxophone,Intermediate,66.55
,,,,Cello,Advanced,55.45
,,,,Trumpet,Advanced,50.45
,,,,Violin,Beginner,160.05
,,,,Cello,Beginner,206.35
,,,,Drums,Advanced,55.45
,,,,Violin,Advanced,100.35
,,,,Flute,Advanced,50.99
,,,,Trumpet,Beginner,50.86
,,,,Guitar,Intermediate,60.69
,,,,Cello,Beginner,130.35
,,,,Harp,Intermediate,60.69
,,,,Saxophone,Advanced,140.21
,,,,Flute,Beginner,50.56
,,,,Cello,Intermediate,40.05
,,,,Trumpet,Beginner,40.05
,,,,Drums,Beginner,30.03
,,,,Harp,Intermediate,160.05
,,,,Guitar,Intermediate,410.35
,,,,Flute,Beginner,350.89
,,,,Guitar,Beginner,66.55
,,,,Clarinet,Intermediate,300.15
,,,,Piano,Advanced,30.03
,,,,Trumpet,Beginner,40.05
,,,,Violin,Advanced,30.03
,,,,Harp,Intermediate,55.45
,,,,Cello,Intermediate,410.35
,,,,Flute,Intermediate,50.86
,,,,Guitar,Intermediate,60.69
,,,,Harp,Advanced,66.55
,,,,Guitar,Beginner,70.89
,,,,Guitar,Advanced,60.69
,,,,Harp,Advanced,50.86
,,,,Drums,Beginner,47.64
,,,,Violin,Advanced,110.89
,,,,Piano,Intermediate,140.21
,,,,Trumpet,Beginner,75.35
,,,,Violin,Advanced,95.78
,,,,Piano,Intermediate,206.35
,,,,Drums,Intermediate,50.86
,,,,Harp,Advanced,47.64
,,,,Guitar,Beginner,100.35
,,,,Flute,Beginner,130.35
,,,,Trumpet,Advanced,84.99
,,,,Harp,Advanced,150.66
,,,,Trumpet,Advanced,300.15
,,,,Harp,Advanced,110.89
,,,,Violin,Intermediate,55.45
,,,,Clarinet,Beginner,55.45
,,,,Saxophone,Intermediate,110.89
,,,,Trumpet,Intermediate,50.56
,,,,Harp,Intermediate,206.35
,,,,Cello,Beginner,130.35
,,,,Cello,Intermediate,160.05
,,,,Trumpet,Intermediate,150.66
,,,,Flute,Beginner,50.86
,,,,Flute,Intermediate,60.69
,,,,Piano,Beginner,47.64
,,,,Violin,Intermediate,206.35
,,,,Drums,Beginner,130.35
,,,,Drums,Beginner,55.45
,,,,Piano,Advanced,47.64
,,,,Saxophone,Intermediate,47.64
,,,,Guitar,Intermediate,50.99
,,,,Violin,Beginner,70.89
,,,,Harp,Advanced,100.31
,,,,Clarinet,Advanced,50.99
,,,,Flute,Intermediate,410.35
,,,,Violin,Intermediate,50.86
,,,,Trumpet,Intermediate,410.35
,,,,Guitar,Intermediate,140.21
,,,,Cello,Advanced,50.99
,,,,Trumpet,Beginner,70.02
,,,,Cello,Beginner,47.64
,,,,Saxophone,Advanced,100.31
,,,,Harp,Intermediate,95.78
,,,,Saxophone,Intermediate,50.86
,,,,Flute,Intermediate,410.35
,,,,Clarinet,Beginner,70.89
,,,,Drums,Advanced,95.78
,,,,Guitar,Intermediate,88.99
,,,,Saxophone,Beginner,350.89
,,,,Cello,Intermediate,30.03
,,,,Violin,Beginner,100.31
,,,,Piano,Intermediate,350.89
,,,,Drums,Advanced,30.03
,,,,Flute,Advanced,110.89
,,,,Drums,Advanced,70.89
,,,,Guitar,Beginner,75.35
,,,,Violin,Intermediate,90.95
,,,,Guitar,Advanced,410.35
,,,,Violin,Advanced,206.35
,,,,Drums,Beginner,206.35
,,,,Trumpet,Intermediate,300.78
,,,,Clarinet,Advanced,300.78
,,,,Trumpet,Intermediate,100.35
,,,,Piano,Intermediate,75.35
,,,,Saxophone,Beginner,160.05
,,,,Guitar,Advanced,55.45
,,,,Trumpet,Intermediate,350.89
,,,,Piano,Advanced,95.78
,,,,Violin,Beginner,110.89
,,,,Trumpet,Advanced,50.45
,,,,Harp,Intermediate,90.95
,,,,Saxophone,Intermediate,150.66
,,,,Violin,Intermediate,350.89
,,,,Piano,Advanced,55.45
,,,,Cello,Beginner,50.86
,,,,Flute,Beginner,206.35
,,,,Violin,Advanced,50.86
,,,,Harp,Advanced,95.78
,,,,Drums,Advanced,410.35
,,,,Harp,Beginner,100.35
,,,,Trumpet,Intermediate,50.56
,,,,Violin,Beginner,100.35
,,,,Trumpet,Advanced,66.55
,,,,Saxophone,Advanced,50.86
,,,,Trumpet,Advanced,90.95
,,,,Trumpet,Advanced,50.99
,,,,Guitar,Intermediate,95.78
,,,,Clarinet,Advanced,75.35
,,,,Violin,Beginner,410.35
,,,,Flute,Intermediate,410.35
,,,,Guitar,Intermediate,75.52
,,,,Guitar,Intermediate,300.78
,,,,Flute,Beginner,100.35
,,,,Harp,Intermediate,140.21
,,,,Flute,Intermediate,300.15
,,,,Harp,Intermediate,70.89
,,,,Harp,Beginner,410.35
,,,,Guitar,Beginner,110.89
,,,,Clarinet,Advanced,60.69
,,,,Cello,Beginner,130.35
,,,,Cello,Advanced,50.99
,,,,Violin,Intermediate,75.35
,,,,Guitar,Intermediate,70.02
,,,,Saxophone,Intermediate,206.35
,,,,Clarinet,Advanced,40.05
,,,,Trumpet,Advanced,95.78
,,,,Clarinet,Advanced,30.03
,,,,Drums,Beginner,47.64
,,,,Piano,Beginner,150.66
,,,,Trumpet,Advanced,84.99
,,,,Cello,Intermediate,90.95
,,,,Drums,Intermediate,66.55
,,,,Clarinet,Advanced,75.35
,,,,Piano,Advanced,300.78
,,,,Clarinet,Advanced,100.35
,,,,Flute,Advanced,84.99
,,,,Piano,Beginner,70.02
,,,,Harp,Advanced,110.89
,,,,Violin,Beginner,70.89
,,,,Trumpet,Advanced,50.99
,,,,Saxophone,Beginner,100.35
,,,,Piano,Beginner,95.78
,,,,Piano,Advanced,90.95
,,,,Violin,Intermediate,300.15
,,,,Flute,Intermediate,50.56
,,,,Guitar,Intermediate,90.95
,,,,Violin,Intermediate,50.45
,,,,Harp,Beginner,40.05
,,,,Flute,Beginner,350.89
,,,,Flute,Beginner,350.89
,,,,Piano,Advanced,75.35
,,,,Trumpet,Intermediate,75.35
,,,,Flute,Advanced,50.56
,,,,Guitar,Advanced,300.15
,,,,Trumpet,Advanced,300.78
,,,,Trumpet,Intermediate,410.35
,,,,Clarinet,Beginner,206.35
,,,,Drums,Beginner,88.99
,,,,Harp,Beginner,95.78
,,,,Drums,Advanced,160.05
,,,,Cello,Advanced,84.99
,,,,Guitar,Intermediate,150.66
,,,,Drums,Advanced,40.05
,,,,Flute,Advanced,75.52
,,,,Saxophone,Beginner,160.05
,,,,Clarinet,Beginner,55.45
,,,,Drums,Advanced,100.31
,,,,Drums,Beginner,130.35
,,,,Drums,Beginner,350.89
,,,,Piano,Intermediate,410.35
,,,,Saxophone,Advanced,40.05
,,,,Saxophone,Advanced,95.78
,,,,Saxophone,Intermediate,75.52
,,,,Clarinet,Beginner,100.35
,,,,Violin,Intermediate,70.89
,,,,Violin,Beginner,50.56
,,,,Guitar,Beginner,60.69
,,,,Flute,Intermediate,55.45
,,,,Violin,Beginner,140.21
,,,,Flute,Intermediate,55.45
,,,,Drums,Advanced,88.99
,,,,Trumpet,Beginner,300.78
,,,,Trumpet,Advanced,55.45
,,,,Cello,Intermediate,50.99
,,,,Harp,Beginner,100.31
,,,,Cello,Intermediate,130.35
,,,,Drums,Intermediate,50.99
,,,,Flute,Beginner,100.35
,,,,Saxophone,Advanced,140.21
,,,,Trumpet,Beginner,50.86
,,,,Piano,Intermediate,160.05
,,,,Trumpet,Intermediate,47.64
,,,,Trumpet,Advanced,110.89
,,,,Trumpet,Advanced,95.78
,,,,Flute,Intermediate,100.35
,,,,Drums,Intermediate,55.45
,,,,Saxophone,Intermediate,88.99
,,,,Cello,Beginner,110.89
,,,,Violin,Advanced,66.55
,,,,Guitar,Beginner,50.86
,,,,Trumpet,Beginner,47.64
,,,,Piano,Intermediate,100.35
,,,,Trumpet,Beginner,350.89
,,,,Flute,Advanced,70.89
,,,,Saxophone,Advanced,150.66
,,,,Saxophone,Beginner,100.31
,,,,Piano,Intermediate,70.89
,,,,Guitar,Advanced,50.45
,,,,Violin,Intermediate,88.99
,,,,Violin,Advanced,88.99
,,,,Saxophone,Intermediate,50.56
,,,,Piano,Beginner,150.66
,,,,Flute,Beginner,55.45
,,,,Clarinet,Beginner,90.95
,,,,Piano,Advanced,30.03
,,,,Guitar,Intermediate,350.89
,,,,Flute,Beginner,70.02
,,,,Piano,Beginner,150.66
,,,,Harp,Advanced,90.95
,,,,Clarinet,Beginner,40.05
,,,,Trumpet,Advanced,300.15
,,,,Guitar,Beginner,70.02
