Uzma Mccallum,Beginner,Cello,23-Jul-20,03-Aug-20,21,40.48,Piano,3,,1,,Beginner
Lexi-Mai Joyce,Beginner,Guitar,21-Oct-20,11-Nov-20,3,32.72,Harp,7,,2,,Intermediate
Tahmid Wynn,Beginner,Violin,12-Jun-20,19-Jun-20,9,61.19,Violin,9,,3,,Advanced
Sohail Lopez,Intermediate,Piano,07-Sep-20,25-Sep-20,14,94.71,Guitar,11,,4,,
Aneurin Hancock,Intermediate,Flute,07-Feb-20,10-Feb-20,15,86.57,Flute,15,,5,,
Manpreet Costa,Advanced,Clarinet,07-Jun-20,14-Jun-20,11,66.21,Clarinet,18,,,,
Quentin Dunlap,Beginner,Violin,01-Feb-20,26-Feb-20,7,80.88,Drums,21,,,,
Keaton Harrison,Intermediate,Drums,08-Apr-20,23-Apr-20,7,50.48,Cello,25,,,,
Arnav Gilliam,Beginner,Trumpet,30-Jul-20,14-Aug-20,21,96.82,Trumpet,28,,,,
Ruairi Chamberlain,Beginner,Trumpet,06-Jul-20,17-Jul-20,18,31.45,Saxophone,14,,,,
Robyn Richard,Beginner,Violin,01-Jan-20,10-Jan-20,28,77.58,,16,,,,
Sanna Trejo,Advanced,Saxophone,08-Feb-20,29-Feb-20,28,62.41,,24,,,,
Marcia Clegg,Beginner,Trumpet,28-Sep-20,23-Oct-20,28,88.79,,,,,,
Millie Summers,Beginner,Violin,28-Jul-20,22-Aug-20,7,26.99,,,,,,
Tiana Gonzales,Intermediate,Flute,08-Sep-20,29-Sep-20,18,94.85,,,,,,
Leigha Hough,Advanced,Guitar,17-Mar-20,24-Mar-20,21,119.09,,,,,,
Brandi Legge,Intermediate,Violin,01-Jun-20,19-Jun-20,15,40.60,,,,,,
Rhydian Adams,Beginner,Violin,06-Mar-20,27-Mar-20,18,49.99,,,,,,
Carmen Kaur,Intermediate,Harp,18-Oct-20,29-Oct-20,7,108.44,,,,,,
Shayla Rankin,Intermediate,Piano,26-Oct-20,13-Nov-20,28,33.16,,,,,,
Rima Steadman,Beginner,Trumpet,01-Jun-20,12-Jun-20,14,22.76,,,,,,
Tori Landry,Beginner,Clarinet,30-Jan-20,06-Feb-20,18,88.50,,,,,,
Husnain Glover,Intermediate,Trumpet,14-Oct-20,08-Nov-20,21,84.00,,,,,,
Kris Porter,Advanced,Clarinet,05-Jun-20,16-Jun-20,25,29.76,,,,,,
Maryam Robson,Intermediate,Clarinet,09-Apr-20,12-Apr-20,7,117.79,,,,,,
Jake Easton,Beginner,Clarinet,08-Sep-20,26-Sep-20,28,74.93,,,,,,
Haiden Christensen,Intermediate,Saxophone,01-May-20,12-May-20,14,91.81,,,,,,
Jonah Medrano,Advanced,Clarinet,21-Oct-20,24-Oct-20,9,94.22,,,,,,
Malik Whittington,Beginner,Piano,22-Feb-20,25-Feb-20,7,106.62,,,,,,
Heath Huerta,Intermediate,Flute,03-Mar-20,14-Mar-20,28,70.97,,,,,,
Ceri Houghton,Advanced,Violin,10-Jul-20,31-Jul-20,25,62.34,,,,,,
Andreas Benson,Beginner,Flute,26-Oct-20,29-Oct-20,7,55.20,,,,,,
Connar Combs,Intermediate,Violin,21-Jun-20,24-Jun-20,18,86.51,,,,,,
Junior Meza,Intermediate,Drums,14-Apr-20,23-Apr-20,14,27.13,,,,,,
Diane Curtis,Beginner,Flute,07-Jan-20,16-Jan-20,14,64.07,,,,,,
Piper Couch,Advanced,Guitar,18-Jul-20,21-Jul-20,25,87.35,,,,,,
Tabatha Gray,Intermediate,Harp,13-May-20,03-Jun-20,18,80.83,,,,,,
Ammara Ingram,Beginner,Drums,01-Jun-20,10-Jun-20,21,110.81,,,,,,
Clayton Wolf,Intermediate,Cello,05-Aug-20,20-Aug-20,11,51.20,,,,,,
Nabeel Tran,Intermediate,Clarinet,06-Jun-20,17-Jun-20,18,85.14,,,,,,
Kornelia Holcomb,Advanced,Cello,11-Feb-20,22-Feb-20,7,115.22,,,,,,
Shaunna Hoover,Intermediate,Flute,18-Oct-20,29-Oct-20,28,76.44,,,,,,
Ray Emerson,Advanced,Cello,29-Aug-20,01-Sep-20,7,94.49,,,,,,
Lucy Humphrey,Intermediate,Flute,31-Oct-20,03-Nov-20,7,66.56,,,,,,
Samira Franklin,Intermediate,Drums,27-Sep-20,15-Oct-20,14,26.24,,,,,,
Ashton Stafford,Advanced,Guitar,15-Jan-20,26-Jan-20,25,82.62,,,,,,
Enid Clayton,Beginner,Trumpet,23-Apr-20,04-May-20,21,90.17,,,,,,
Mahnoor Guzman,Beginner,Guitar,03-May-20,10-May-20,28,83.59,,,,,,
Anjali Mccullough,Intermediate,Piano,28-Sep-20,05-Oct-20,14,53.43,,,,,,
Delores O'Connor,Beginner,Drums,02-Sep-20,11-Sep-20,11,103.80,,,,,,
Brittney Rocha,Beginner,Violin,16-Jun-20,07-Jul-20,9,111.08,,,,,,
Nasir Cowan,Intermediate,Flute,12-Feb-20,23-Feb-20,15,70.20,,,,,,
Barbara Schneider,Beginner,Saxophone,08-Apr-20,03-May-20,9,49.23,,,,,,
Sameeha Lucero,Beginner,Trumpet,19-Aug-20,03-Sep-20,7,88.33,,,,,,
Autumn Preece,Advanced,Trumpet,29-Oct-20,05-Nov-20,11,66.67,,,,,,
Eira Rush,Beginner,Harp,14-Jan-20,23-Jan-20,18,97.43,,,,,,
Talha Clarkson,Beginner,Cello,28-Oct-20,15-Nov-20,28,45.81,,,,,,
Lillie-Mae Ball,Advanced,Guitar,16-Sep-20,01-Oct-20,7,69.87,,,,,,
Renesmae Bender,Advanced,Violin,19-Aug-20,06-Sep-20,18,93.10,,,,,,
Joan Beltran,Advanced,Cello,20-Jan-20,27-Jan-20,18,39.05,,,,,,
Hana Hollis,Advanced,Saxophone,10-Apr-20,25-Apr-20,9,89.83,,,,,,
Leanne Estes,Beginner,Violin,05-May-20,20-May-20,9,93.05,,,,,,
Umaiza Bridges,Beginner,Harp,20-Oct-20,04-Nov-20,3,69.13,,,,,,
Maia Peters,Beginner,Trumpet,05-Mar-20,12-Mar-20,7,47.32,,,,,,
Aria Wise,Beginner,Violin,11-Mar-20,18-Mar-20,21,95.11,,,,,,
Tyreece Pruitt,Intermediate,Clarinet,14-Apr-20,21-Apr-20,18,35.59,,,,,,
Inaya Branch,Beginner,Guitar,22-Sep-20,13-Oct-20,25,60.07,,,,,,
Griffin Andrew,Advanced,Piano,24-Jan-20,27-Jan-20,15,52.00,,,,,,
Lorena Chang,Advanced,Trumpet,18-Jun-20,25-Jun-20,18,84.71,,,,,,
Jameel Gay,Advanced,Clarinet,23-Mar-20,10-Apr-20,9,30.77,,,,,,
Joss England,Advanced,Cello,20-Feb-20,06-Mar-20,7,39.50,,,,,,
Hanifa Martin,Intermediate,Harp,26-Apr-20,11-May-20,7,81.36,,,,,,
Bert Patel,Intermediate,Cello,14-Jun-20,21-Jun-20,18,55.77,,,,,,
Roxie Whitaker,Beginner,Violin,14-Mar-20,08-Apr-20,25,65.06,,,,,,
Irving West,Intermediate,Guitar,27-Mar-20,07-Apr-20,15,85.29,,,,,,
Kevin Ramirez,Intermediate,Drums,30-May-20,14-Jun-20,11,117.71,,,,,,
Mateo Whelan,Beginner,Guitar,09-Oct-20,18-Oct-20,14,94.06,,,,,,
Stephanie Ritter,Advanced,Saxophone,06-Sep-20,01-Oct-20,14,34.94,,,,,,
Jordanne Vega,Intermediate,Piano,12-Aug-20,27-Aug-20,7,108.57,,,,,,
Jaxx Munro,Intermediate,Flute,01-Jun-20,04-Jun-20,14,113.22,,,,,,
Nadeem Palacios,Beginner,Violin,04-Apr-20,19-Apr-20,28,79.90,,,,,,
Bo Bowers,Beginner,Piano,09-Oct-20,12-Oct-20,14,80.21,,,,,,
Alexander Akhtar,Beginner,Guitar,18-Sep-20,25-Sep-20,7,83.33,,,,,,
Myles Francis,Advanced,Drums,12-Mar-20,06-Apr-20,21,90.58,,,,,,
Mahir Healy,Beginner,Piano,28-Jun-20,07-Jul-20,15,41.75,,,,,,
Izaak Ramos,Advanced,Guitar,22-Sep-20,03-Oct-20,18,78.95,,,,,,
Bluebell Sheppard,Intermediate,Harp,22-Jul-20,12-Aug-20,28,118.88,,,,,,
Summer-Rose Reader,Advanced,Clarinet,07-Aug-20,28-Aug-20,25,110.70,,,,,,
Maeve Appleton,Beginner,Piano,13-Sep-20,08-Oct-20,28,76.13,,,,,,
Alix Espinosa,Beginner,Clarinet,30-Jan-20,02-Feb-20,15,20.29,,,,,,
Hunter Flowers,Advanced,Cello,01-Nov-20,12-Nov-20,9,58.80,,,,,,
Jaheim Whittle,Beginner,Cello,13-Jun-20,22-Jun-20,28,93.61,,,,,,
Myah Whitney,Beginner,Saxophone,15-Jun-20,26-Jun-20,21,44.01,,,,,,
Hashir Collier,Advanced,Clarinet,25-Mar-20,03-Apr-20,18,43.45,,,,,,
Armani Colon,Beginner,Guitar,10-Aug-20,21-Aug-20,11,91.88,,,,,,
Zaki Cantu,Intermediate,Clarinet,26-Feb-20,22-Mar-20,18,114.85,,,,,,
Olivier Boyd,Advanced,Harp,30-May-20,06-Jun-20,15,41.53,,,,,,
Rabia Hatfield,Advanced,Violin,08-Aug-20,19-Aug-20,14,79.40,,,,,,
Alysia Hall,Advanced,Harp,28-Aug-20,18-Sep-20,3,83.14,,,,,,
Eddie Kearney,Advanced,Clarinet,01-Apr-20,04-Apr-20,11,90.23,,,,,,
Ian O'Neill,Advanced,Trumpet,21-Oct-20,08-Nov-20,3,37.85,,,,,,
Syeda Mullen,Beginner,Violin,28-Mar-20,15-Apr-20,18,68.51,,,,,,
Reid Oliver,Advanced,Piano,19-Apr-20,04-May-20,11,50.85,,,,,,
Jasmin Cowan,Intermediate,Cello,26-Sep-20,11-Oct-20,21,71.22,,,,,,
Marwah Mclean,Advanced,Saxophone,07-Sep-20,25-Sep-20,21,22.61,,,,,,
Jace Booker,Intermediate,Piano,27-Jun-20,12-Jul-20,25,104.46,,,,,,
Rosalie Rodgers,Advanced,Cello,05-Apr-20,26-Apr-20,14,81.78,,,,,,
Elias Sheehan,Intermediate,Violin,08-Jan-20,15-Jan-20,3,59.50,,,,,,
Diego Macias,Advanced,Harp,04-Oct-20,19-Oct-20,15,51.60,,,,,,
Fynley Wickens,Intermediate,Violin,20-Jan-20,04-Feb-20,21,110.99,,,,,,
Beau Fleming,Advanced,Cello,25-Sep-20,02-Oct-20,15,23.35,,,,,,
Jareth Middleton,Intermediate,Piano,01-May-20,10-May-20,14,79.47,,,,,,
Franco Dillon,Advanced,Piano,02-Jan-20,13-Jan-20,14,73.30,,,,,,
Khaleesi Lambert,Advanced,Harp,18-May-20,29-May-20,11,35.56,,,,,,
Acacia Moreno,Intermediate,Clarinet,30-Jan-20,14-Feb-20,7,59.09,,,,,,
Scarlett Mcloughlin,Advanced,Clarinet,23-Aug-20,01-Sep-20,14,74.56,,,,,,
Dillan Horton,Advanced,Flute,25-Sep-20,02-Oct-20,3,54.05,,,,,,
Wojciech Woodward,Intermediate,Flute,31-Aug-20,18-Sep-20,14,82.63,,,,,,
Shania Soto,Intermediate,Trumpet,27-Apr-20,04-May-20,14,111.06,,,,,,
Amari Horne,Advanced,Flute,02-Feb-20,27-Feb-20,28,106.69,,,,,,
Scarlette Acevedo,Intermediate,Harp,21-Aug-20,30-Aug-20,9,104.55,,,,,,
Julius Oneil,Advanced,Saxophone,11-Sep-20,18-Sep-20,14,96.27,,,,,,
Luke Strong,Advanced,Drums,16-Jan-20,25-Jan-20,9,51.87,,,,,,
Daisie Carr,Beginner,Clarinet,20-Apr-20,27-Apr-20,7,85.04,,,,,,
Tulisa Rowe,Advanced,Trumpet,12-Feb-20,15-Feb-20,25,36.19,,,,,,
Scarlet Love,Intermediate,Trumpet,21-Mar-20,05-Apr-20,9,47.26,,,,,,
Ted Zhang,Intermediate,Violin,27-Oct-20,03-Nov-20,7,69.73,,,,,,
Shantelle Goddard,Beginner,Flute,07-Aug-20,18-Aug-20,21,26.41,,,,,,
Humayra Lees,Intermediate,Piano,29-Apr-20,10-May-20,9,81.58,,,,,,
Yasmin Keller,Beginner,Trumpet,02-Jul-20,05-Jul-20,15,50.02,,,,,,
Kennedy Hanna,Advanced,Flute,18-May-20,27-May-20,14,91.30,,,,,,
Eman Douglas,Beginner,Trumpet,28-May-20,06-Jun-20,7,69.02,,,,,,
Nikolas Maddox,Advanced,Violin,14-Sep-20,25-Sep-20,11,62.51,,,,,,
Marion Talbot,Beginner,Violin,17-Jan-20,28-Jan-20,21,51.59,,,,,,
Evie-May Stuart,Beginner,Saxophone,03-Aug-20,18-Aug-20,25,110.34,,,,,,
Roseanna Sparrow,Beginner,Trumpet,11-Jun-20,22-Jun-20,15,96.06,,,,,,
Sahra Bloggs,Beginner,Flute,10-Jan-20,04-Feb-20,18,108.42,,,,,,
Divine England,Intermediate,Piano,21-Aug-20,01-Sep-20,28,38.72,,,,,,
Isabel Peacock,Intermediate,Piano,01-Mar-20,22-Mar-20,25,25.59,,,,,,
Pia Hayes,Advanced,Piano,04-Mar-20,25-Mar-20,11,45.99,,,,,,
Deacon Tapia,Advanced,Violin,11-Sep-20,18-Sep-20,28,48.29,,,,,,
Wilfred Rosario,Advanced,Violin,29-Jul-20,19-Aug-20,21,53.32,,,,,,
Zayna Delarosa,Advanced,Cello,13-Jul-20,07-Aug-20,9,35.14,,,,,,
Jennie Adkins,Intermediate,Harp,17-Sep-20,24-Sep-20,28,113.31,,,,,,
Roxie Doherty,Advanced,Trumpet,05-Jul-20,30-Jul-20,21,97.91,,,,,,
Willie Morse,Advanced,Cello,31-Mar-20,18-Apr-20,14,54.53,,,,,,
Lyla Webster,Beginner,Trumpet,03-Jun-20,12-Jun-20,7,81.59,,,,,,
Nakita Ramirez,Advanced,Violin,14-Sep-20,09-Oct-20,21,116.07,,,,,,
Anisa Gardiner,Beginner,Piano,07-Feb-20,28-Feb-20,21,47.29,,,,,,
Barnaby Gunn,Advanced,Trumpet,16-May-20,25-May-20,9,32.26,,,,,,
Tracy Dodd,Advanced,Guitar,10-Jan-20,13-Jan-20,18,90.00,,,,,,
Maddox Ochoa,Advanced,Drums,11-Jun-20,02-Jul-20,21,85.40,,,,,,
Sahib Meyers,Beginner,Cello,01-Jun-20,19-Jun-20,28,85.18,,,,,,
Annalise Garner,Beginner,Cello,25-Mar-20,01-Apr-20,7,76.13,,,,,,
Kimberly Dunne,Intermediate,Violin,17-Feb-20,20-Feb-20,18,36.69,,,,,,
Tre Rodrigues,Advanced,Guitar,29-Jan-20,13-Feb-20,18,98.64,,,,,,
Borys Hill,Intermediate,Flute,01-Jul-20,04-Jul-20,25,41.44,,,,,,
Ryder Gentry,Beginner,Saxophone,02-Oct-20,17-Oct-20,11,69.68,,,,,,
Matthias Doyle,Advanced,Piano,09-Aug-20,12-Aug-20,9,74.38,,,,,,
Talha Colon,Intermediate,Flute,19-Jan-20,13-Feb-20,28,56.08,,,,,,
Drew Graham,Intermediate,Drums,21-Jan-20,05-Feb-20,25,109.95,,,,,,
Nafeesa Milner,Advanced,Trumpet,11-Apr-20,02-May-20,11,78.61,,,,,,
Lily Gallegos,Beginner,Violin,15-May-20,18-May-20,11,97.93,,,,,,
Aamna Hagan,Advanced,Saxophone,10-Jul-20,19-Jul-20,14,22.56,,,,,,
Lola-Mae Clarkson,Intermediate,Clarinet,31-Aug-20,07-Sep-20,25,83.57,,,,,,
Yasin Mccaffrey,Intermediate,Cello,19-May-20,09-Jun-20,11,82.27,,,,,,
Alexandru Whittington,Beginner,Clarinet,10-Jul-20,13-Jul-20,25,21.80,,,,,,
Jerry Campbell,Intermediate,Clarinet,18-Jun-20,13-Jul-20,11,84.70,,,,,,
Kaylem Simons,Beginner,Piano,11-Oct-20,29-Oct-20,9,32.47,,,,,,
Jaya Bender,Advanced,Saxophone,21-Feb-20,01-Mar-20,28,67.49,,,,,,
Theia Guevara,Beginner,Flute,12-Mar-20,27-Mar-20,7,59.39,,,,,,
Giselle Harrell,Advanced,Flute,12-Mar-20,06-Apr-20,11,43.52,,,,,,
Isla-Rae Needham,Intermediate,Harp,15-May-20,02-Jun-20,18,86.92,,,,,,
Nico Bernal,Advanced,Trumpet,16-Jan-20,19-Jan-20,7,22.54,,,,,,
Che Hogg,Beginner,Saxophone,28-May-20,12-Jun-20,25,54.08,,,,,,
Sion Rigby,Beginner,Piano,11-Aug-20,29-Aug-20,7,114.31,,,,,,
Laiba Bonner,Beginner,Drums,18-Oct-20,29-Oct-20,9,21.29,,,,,,
Abdulahi Ryan,Beginner,Cello,16-Sep-20,04-Oct-20,28,93.55,,,,,,
Chace Peck,Advanced,Violin,26-Apr-20,11-May-20,15,112.54,,,,,,
Elisabeth Wooten,Advanced,Flute,27-Jul-20,05-Aug-20,18,97.55,,,,,,
Mariyam Fellows,Intermediate,Piano,17-Jul-20,28-Jul-20,14,35.99,,,,,,
Eddie Gough,Beginner,Violin,01-Nov-20,10-Nov-20,11,73.26,,,,,,
Dawood Turner,Advanced,Saxophone,11-Aug-20,26-Aug-20,25,63.45,,,,,,
Elana Corona,Beginner,Flute,04-Sep-20,07-Sep-20,3,21.98,,,,,,
Bartosz Brandt,Intermediate,Drums,17-Jan-20,11-Feb-20,25,106.50,,,,,,
Nial O'Gallagher,Beginner,Clarinet,15-Sep-20,24-Sep-20,3,113.57,,,,,,
Kayan Tyler,Beginner,Violin,05-Mar-20,20-Mar-20,3,91.68,,,,,,
Rizwan Mendoza,Beginner,Harp,13-Mar-20,31-Mar-20,25,35.28,,,,,,
Zander Hoffman,Intermediate,Clarinet,13-Jul-20,28-Jul-20,14,75.33,,,,,,
Jac Knight,Beginner,Cello,06-Apr-20,17-Apr-20,15,20.78,,,,,,
Danyal Callaghan,Beginner,Cello,13-Sep-20,08-Oct-20,7,49.60,,,,,,
Vivienne Shea,Intermediate,Drums,10-Aug-20,04-Sep-20,7,110.51,,,,,,
Saeed Traynor,Intermediate,Piano,23-Feb-20,01-Mar-20,14,111.46,,,,,,
Neave Hodgson,Intermediate,Flute,11-Jan-20,18-Jan-20,9,49.37,,,,,,
Wil Goff,Intermediate,Violin,03-Apr-20,18-Apr-20,25,62.26,,,,,,
Ruqayyah Rodriguez,Intermediate,Flute,04-Feb-20,19-Feb-20,18,76.65,,,,,,
Lamar Chandler,Advanced,Cello,06-Feb-20,15-Feb-20,15,37.63,,,,,,
Danielius Bourne,Advanced,Trumpet,06-Apr-20,17-Apr-20,21,54.20,,,,,,
Macaulay Roy,Beginner,Trumpet,12-May-20,15-May-20,3,63.38,,,,,,
Jimi Fountain,Beginner,Guitar,10-Oct-20,19-Oct-20,18,26.80,,,,,,
Charity Hutton,Beginner,Guitar,13-Jul-20,03-Aug-20,11,33.63,,,,,,
Latisha Lane,Advanced,Violin,25-Sep-20,16-Oct-20,11,99.94,,,,,,
Chantelle Hernandez,Beginner,Piano,21-Jun-20,16-Jul-20,11,94.37,,,,,,
Gabija Hensley,Beginner,Clarinet,26-Aug-20,06-Sep-20,9,72.87,,,,,,
Harpreet Mclean,Advanced,Harp,01-Apr-20,22-Apr-20,28,43.33,,,,,,
Finlay Herring,Beginner,Cello,21-Jun-20,12-Jul-20,3,86.28,,,,,,
Mina Haynes,Advanced,Piano,15-Apr-20,26-Apr-20,9,44.62,,,,,,
Katelyn Bailey,Intermediate,Harp,15-Jun-20,24-Jun-20,3,45.04,,,,,,
Jenny Klein,Intermediate,Piano,15-Aug-20,18-Aug-20,25,70.51,,,,,,
Connagh Milner,Intermediate,Violin,18-Aug-20,05-Sep-20,28,66.75,,,,,,
Zayden Mcmillan,Advanced,Cello,16-Mar-20,27-Mar-20,28,57.58,,,,,,
Aishah Jenkins,Advanced,Cello,05-Jan-20,23-Jan-20,14,22.36,,,,,,
Coral Doherty,Beginner,Guitar,29-Oct-20,16-Nov-20,18,71.79,,,,,,
Jimmie Cobb,Intermediate,Harp,27-Jun-20,18-Jul-20,25,70.22,,,,,,
Monique Mcbride,Intermediate,Saxophone,23-Oct-20,30-Oct-20,18,24.12,,,,,,
Rhea Hudson,Beginner,Piano,24-Sep-20,01-Oct-20,18,81.89,,,,,,
Lucia Underwood,Beginner,Piano,11-May-20,05-Jun-20,9,24.01,,,,,,
Sidney Wynn,Advanced,Trumpet,18-Jan-20,05-Feb-20,25,101.03,,,,,,
Libbie Person,Beginner,Violin,02-Jan-20,23-Jan-20,3,50.77,,,,,,
Cali Talbot,Intermediate,Harp,14-Jan-20,29-Jan-20,15,20.01,,,,,,
Gracie-Leigh Whyte,Advanced,Piano,16-Jun-20,23-Jun-20,15,33.51,,,,,,
Lennon Fleming,Advanced,Trumpet,09-Aug-20,18-Aug-20,25,95.65,,,,,,
Rheanna Cullen,Intermediate,Flute,21-Aug-20,01-Sep-20,21,43.33,,,,,,
Manal Shields,Advanced,Guitar,31-Jul-20,21-Aug-20,18,66.01,,,,,,
Laiba Webster,Beginner,Piano,20-Mar-20,07-Apr-20,9,43.74,,,,,,
Blade Dixon,Advanced,Drums,07-Mar-20,01-Apr-20,21,78.91,,,,,,
Patience Kelly,Intermediate,Flute,15-Oct-20,24-Oct-20,25,93.02,,,,,,
Aj Blaese,Advanced,Clarinet,19-Oct-20,13-Nov-20,3,74.16,,,,,,
Darren Pineda,Intermediate,Cello,03-Jan-20,24-Jan-20,18,67.47,,,,,,
Viaan Mclellan,Intermediate,Trumpet,27-Feb-20,13-Mar-20,21,26.20,,,,,,
Kyan Adams,Intermediate,Guitar,12-Oct-20,06-Nov-20,7,88.86,,,,,,
Sultan Wiggins,Beginner,Saxophone,06-Sep-20,24-Sep-20,18,79.68,,,,,,
Aronas Blanchard,Beginner,Piano,17-Feb-20,09-Mar-20,21,117.89,,,,,,
Vladimir Compton,Intermediate,Trumpet,26-Mar-20,10-Apr-20,15,59.98,,,,,,
Cairon Rowley,Advanced,Harp,30-Oct-20,17-Nov-20,9,102.18,,,,,,
Zofia Ashton,Beginner,Cello,12-Apr-20,27-Apr-20,14,55.98,,,,,,
Harvir Begum,Advanced,Clarinet,10-Oct-20,19-Oct-20,9,99.55,,,,,,
Dillon Nicholls,Beginner,Guitar,14-Jul-20,01-Aug-20,25,67.28,,,,,,
Breanna Molina,Advanced,Flute,04-Jul-20,19-Jul-20,11,20.57,,,,,,
Esme-Rose Medrano,Beginner,Harp,07-May-20,14-May-20,21,28.08,,,,,,
Fabien Goldsmith,Advanced,Flute,26-Sep-20,07-Oct-20,18,63.45,,,,,,
Summer-Rose Palacios,Advanced,Harp,01-Jun-20,12-Jun-20,21,59.99,,,,,,
Fannie Mohamed,Advanced,Clarinet,22-Aug-20,06-Sep-20,15,55.24,,,,,,
Milo Bostock,Beginner,Guitar,10-Apr-20,25-Apr-20,9,49.38,,,,,,
Silas Holt,Intermediate,Trumpet,15-Jun-20,26-Jun-20,18,62.65,,,,,,
Willard Tang,Intermediate,Drums,16-May-20,31-May-20,25,58.89,,,,,,
Zakaria Brock,Beginner,Harp,26-Sep-20,05-Oct-20,15,42.91,,,,,,
Derrick Carson,Beginner,Flute,26-Oct-20,16-Nov-20,25,32.43,,,,,,
Nikola Good,Beginner,Drums,23-Jun-20,08-Jul-20,25,53.09,,,,,,
Caiden Calhoun,Intermediate,Saxophone,05-Aug-20,23-Aug-20,14,52.82,,,,,,
Umaiza Jimenez,Beginner,Piano,23-Jul-20,03-Aug-20,28,117.46,,,,,,
Malik Grey,Beginner,Clarinet,12-Feb-20,04-Mar-20,9,31.01,,,,,,
Ehsan Blankenship,Beginner,Piano,25-Apr-20,16-May-20,15,57.40,,,,,,
Daria Knight,Intermediate,Flute,04-Oct-20,25-Oct-20,15,41.82,,,,,,
Arabella Woodley,Intermediate,Flute,02-Apr-20,11-Apr-20,18,107.84,,,,,,
Wilson Dorsey,Advanced,Drums,19-Feb-20,08-Mar-20,14,88.53,,,,,,
Emrys Akhtar,Beginner,Harp,24-Jun-20,12-Jul-20,21,26.54,,,,,,
Adelle Rennie,Advanced,Violin,17-Jun-20,26-Jun-20,21,63.77,,,,,,
Paolo Mooney,Advanced,Violin,06-Sep-20,15-Sep-20,25,67.68,,,,,,
Bogdan Mcdermott,Advanced,Drums,25-Jul-20,28-Jul-20,9,52.11,,,,,,
Giovanni Drake,Advanced,Piano,17-Jan-20,01-Feb-20,7,54.60,,,,,,
Anthony Whitaker,Beginner,Flute,25-Mar-20,28-Mar-20,18,87.08,,,,,,
Connor Kirk,Advanced,Cello,15-Jul-20,18-Jul-20,21,57.76,,,,,,
Montana Singh,Beginner,Trumpet,16-Feb-20,02-Mar-20,7,95.31,,,,,,
Sinead Mckee,Intermediate,Trumpet,19-May-20,09-Jun-20,21,101.72,,,,,,
Kevin Chapman,Intermediate,Harp,18-Jun-20,06-Jul-20,3,87.40,,,,,,
Faizah Phillips,Beginner,Drums,02-Sep-20,09-Sep-20,14,50.96,,,,,,
Jayden-James Carey,Advanced,Drums,12-Oct-20,19-Oct-20,14,20.92,,,,,,
Lleyton Healy,Intermediate,Trumpet,08-Jul-20,29-Jul-20,9,101.63,,,,,,
Ruby-May Betts,Beginner,Saxophone,20-May-20,23-May-20,21,32.35,,,,,,
Catrina Burnett,Intermediate,Saxophone,11-Jul-20,22-Jul-20,3,95.69,,,,,,
Rianna Fellows,Beginner,Violin,29-Aug-20,23-Sep-20,18,35.64,,,,,,
Rhys Schmitt,Intermediate,Cello,09-Oct-20,18-Oct-20,7,29.31,,,,,,
Jai Murray,Intermediate,Cello,05-Jun-20,23-Jun-20,28,98.71,,,,,,
Johnathon Rocha,Beginner,Trumpet,14-Jul-20,21-Jul-20,14,108.27,,,,,,
Arian Edwards,Advanced,Harp,26-Jun-20,17-Jul-20,28,70.03,,,,,,
Kendrick Harrington,Beginner,Clarinet,11-May-20,26-May-20,21,21.37,,,,,,
Hermione Ray,Beginner,Saxophone,18-Sep-20,03-Oct-20,7,94.41,,,,,,
Saad O'Sullivan,Intermediate,Harp,11-Jan-20,18-Jan-20,28,45.99,,,,,,
Chay Nixon,Beginner,Piano,11-Feb-20,14-Feb-20,21,117.32,,,,,,
Alison Vickers,Beginner,Guitar,07-Aug-20,28-Aug-20,15,33.60,,,,,,
Anita Ferreira,Beginner,Guitar,10-Feb-20,13-Feb-20,18,111.96,,,,,,
Eisa Portillo,Intermediate,Drums,14-Apr-20,09-May-20,25,90.30,,,,,,
Isha Hunter,Beginner,Trumpet,12-Jul-20,27-Jul-20,14,34.11,,,,,,
Orla Fields,Beginner,Trumpet,10-Oct-20,17-Oct-20,9,72.90,,,,,,
Joan Sumner,Intermediate,Trumpet,07-Mar-20,14-Mar-20,9,67.75,,,,,,
Aadil Cote,Intermediate,Drums,12-Aug-20,02-Sep-20,15,79.16,,,,,,
Nadir Allan,Beginner,Guitar,19-Jan-20,26-Jan-20,15,116.44,,,,,,
Menna Jackson,Advanced,Saxophone,16-Jul-20,25-Jul-20,28,111.23,,,,,,
Codey Schofield,Beginner,Clarinet,08-Jul-20,26-Jul-20,25,24.35,,,,,,
Amanpreet O'Quinn,Beginner,Cello,20-Jun-20,15-Jul-20,9,114.41,,,,,,
Mahima Ali,Intermediate,Flute,22-Sep-20,17-Oct-20,25,24.23,,,,,,
Mikael Bains,Advanced,Cello,28-Aug-20,12-Sep-20,25,50.65,,,,,,
Griffin Ball,Advanced,Harp,11-Jun-20,26-Jun-20,25,108.80,,,,,,
Eilidh Landry,Intermediate,Guitar,07-Mar-20,16-Mar-20,7,25.56,,,,,,
Jethro Ward,Advanced,Piano,19-May-20,30-May-20,7,90.36,,,,,,
Krish Duarte,Advanced,Piano,16-Mar-20,31-Mar-20,14,27.38,,,,,,
Shona May,Beginner,Violin,24-Aug-20,04-Sep-20,21,115.52,,,,,,
Taryn Reyes,Advanced,Violin,06-Jul-20,24-Jul-20,11,81.04,,,,,,
Evie-May Maldonado,Advanced,Flute,13-Jul-20,22-Jul-20,7,33.64,,,,,,
William Bean,Intermediate,Cello,31-May-20,18-Jun-20,11,91.29,,,,,,
Reuben Bautista,Beginner,Drums,15-Apr-20,10-May-20,3,84.83,,,,,,
Hester Montes,Intermediate,Trumpet,02-Feb-20,27-Feb-20,14,90.07,,,,,,
Jawad Oneal,Intermediate,Trumpet,15-Feb-20,11-Mar-20,15,100.49,,,,,,
Charlie Sherman,Beginner,Harp,19-Feb-20,01-Mar-20,15,97.99,,,,,,
Marvin Oakley,Advanced,Cello,12-Oct-20,06-Nov-20,25,48.66,,,,,,
Safiyyah Campos,Advanced,Guitar,15-May-20,05-Jun-20,7,97.50,,,,,,
Simeon Sparrow,Advanced,Violin,11-Jul-20,14-Jul-20,21,63.13,,,,,,
Sophia Delaney,Beginner,Flute,02-Jan-20,17-Jan-20,18,25.13,,,,,,
Hussein Curran,Intermediate,Flute,16-Feb-20,12-Mar-20,21,89.60,,,,,,
Abdul Cohen,Beginner,Saxophone,04-Mar-20,15-Mar-20,11,112.19,,,,,,
Tia Stacey,Intermediate,Guitar,08-Jul-20,23-Jul-20,18,76.18,,,,,,
Nada Wilkins,Beginner,Saxophone,10-Mar-20,17-Mar-20,25,31.39,,,,,,
Alfred Wise,Intermediate,Violin,04-Jan-20,22-Jan-20,25,76.88,,,,,,
Darragh Gross,Intermediate,Violin,27-Oct-20,03-Nov-20,9,67.99,,,,,,
Allana Slater,Advanced,Drums,04-Jan-20,15-Jan-20,3,76.02,,,,,,
Keziah Haworth,Intermediate,Harp,14-Aug-20,25-Aug-20,25,51.32,,,,,,
Mert Mansell,Beginner,Drums,18-Jun-20,13-Jul-20,18,40.96,,,,,,
Shakil Hebert,Intermediate,Guitar,03-Jan-20,12-Jan-20,14,70.03,,,,,,
Luisa Rowley,Beginner,Flute,29-Jul-20,13-Aug-20,25,26.42,,,,,,
Aleena Spooner,Intermediate,Drums,23-Oct-20,13-Nov-20,18,114.83,,,,,,
Grant Dupont,Intermediate,Flute,27-Oct-20,07-Nov-20,9,80.03,,,,,,
Florence Bonilla,Beginner,Violin,04-Mar-20,11-Mar-20,14,60.67,,,,,,
Codey Benjamin,Intermediate,Clarinet,14-Oct-20,08-Nov-20,21,84.31,,,,,,
Husna Hunt,Intermediate,Violin,24-Aug-20,14-Sep-20,3,74.20,,,,,,
Matias Tran,Intermediate,Trumpet,01-Nov-20,12-Nov-20,21,88.44,,,,,,
Myrtle Carver,Intermediate,Piano,24-Feb-20,20-Mar-20,21,89.00,,,,,,
Heena Serrano,Advanced,Violin,18-May-20,02-Jun-20,11,38.07,,,,,,
Finlay Marquez,Intermediate,Trumpet,27-Jun-20,22-Jul-20,3,104.21,,,,,,
Jak Swan,Intermediate,Guitar,24-Apr-20,01-May-20,15,119.42,,,,,,
Zunairah Mooney,Beginner,Clarinet,09-May-20,30-May-20,21,72.70,,,,,,
Vivian Morales,Beginner,Flute,01-Jan-20,10-Jan-20,15,88.83,,,,,,
Iosif Massey,Intermediate,Harp,21-Feb-20,10-Mar-20,11,86.33,,,,,,
Annabelle Rivera,Intermediate,Violin,25-Jan-20,15-Feb-20,18,52.04,,,,,,
Milly Wolf,Advanced,Trumpet,08-Feb-20,23-Feb-20,28,85.47,,,,,,
Nyla Acosta,Intermediate,Clarinet,06-Jun-20,13-Jun-20,28,105.70,,,,,,
Husnain Ramsey,Advanced,Drums,08-Aug-20,17-Aug-20,18,113.72,,,,,,
Zac Grey,Advanced,Piano,21-Oct-20,08-Nov-20,18,90.41,,,,,,
Thiago Lyons,Intermediate,Harp,10-Feb-20,21-Feb-20,18,40.28,,,,,,
Charleigh Fuentes,Beginner,Flute,17-Aug-20,20-Aug-20,15,20.41,,,,,,
Gary Barry,Intermediate,Clarinet,10-May-20,04-Jun-20,25,101.98,,,,,,
Milana Kirk,Advanced,Piano,21-Feb-20,07-Mar-20,25,117.86,,,,,,
Reon Bonner,Beginner,Clarinet,28-Sep-20,23-Oct-20,21,99.54,,,,,,
Acacia Mcdonnell,Advanced,Violin,23-Sep-20,18-Oct-20,11,98.11,,,,,,
Raife Prentice,Beginner,Saxophone,02-Mar-20,20-Mar-20,18,35.54,,,,,,
Cem Brett,Advanced,Clarinet,30-Jan-20,08-Feb-20,9,59.72,,,,,,
Mohamed Christian,Intermediate,Cello,21-Oct-20,15-Nov-20,3,75.50,,,,,,
Francisco Collins,Beginner,Piano,28-Jun-20,01-Jul-20,25,25.17,,,,,,
Jibril Castro,Intermediate,Saxophone,03-Apr-20,12-Apr-20,18,112.40,,,,,,
Billie Gilbert,Advanced,Guitar,22-Feb-20,08-Mar-20,21,85.49,,,,,,
Sebastian Fisher,Beginner,Violin,26-Oct-20,29-Oct-20,28,87.40,,,,,,
Ella-Mai Johnson,Intermediate,Harp,18-Oct-20,27-Oct-20,18,32.65,,,,,,
Eugene Mcguire,Beginner,Harp,14-Aug-20,08-Sep-20,25,90.08,,,,,,
Tamara Michael,Beginner,Trumpet,14-Oct-20,29-Oct-20,14,59.21,,,,,,
Christy Callahan,Intermediate,Cello,11-Mar-20,05-Apr-20,14,63.99,,,,,,
Saniya Cobb,Intermediate,Saxophone,04-Jun-20,25-Jun-20,14,61.14,,,,,,
Esme Lacey,Advanced,Trumpet,14-Jul-20,04-Aug-20,3,55.61,,,,,,
Humzah Mathews,Advanced,Piano,25-Jun-20,04-Jul-20,14,30.71,,,,,,
Ewan Kendall,Intermediate,Piano,18-Feb-20,10-Mar-20,3,98.08,,,,,,
Samiya Weir,Advanced,Trumpet,07-Mar-20,28-Mar-20,28,59.29,,,,,,
Leoni Cano,Advanced,Trumpet,03-Jun-20,06-Jun-20,7,91.04,,,,,,
Alessandro Griffith,Beginner,Violin,11-May-20,29-May-20,14,37.41,,,,,,
Jaheim Finnegan,Advanced,Saxophone,07-Oct-20,25-Oct-20,28,30.38,,,,,,
Diesel Rhodes,Beginner,Guitar,11-Jan-20,14-Jan-20,11,82.63,,,,,,
Solomon Barton,Advanced,Piano,30-Apr-20,18-May-20,7,94.90,,,,,,
Shanaya Valdez,Advanced,Violin,17-Jun-20,26-Jun-20,18,43.38,,,,,,
Davina Lam,Intermediate,Trumpet,16-Jan-20,19-Jan-20,25,103.40,,,,,,
Bushra Cross,Beginner,Trumpet,03-May-20,18-May-20,9,21.35,,,,,,
Phebe Rees,Intermediate,Flute,29-Mar-20,05-Apr-20,18,61.29,,,,,,
Dainton Petersen,Beginner,Guitar,23-Sep-20,11-Oct-20,15,89.46,,,,,,
Matteo Jeffery,Intermediate,Clarinet,15-Apr-20,18-Apr-20,11,21.53,,,,,,
Tomas Huerta,Advanced,Violin,17-Apr-20,05-May-20,18,84.59,,,,,,
Clarke May,Beginner,Cello,21-Apr-20,12-May-20,7,119.80,,,,,,
Gurdeep Tomlinson,Intermediate,Cello,06-Mar-20,24-Mar-20,21,75.75,,,,,,
Alec Thompson,Advanced,Clarinet,02-Aug-20,09-Aug-20,18,31.88,,,,,,
Sidra Kent,Advanced,Cello,19-Jul-20,28-Jul-20,9,58.74,,,,,,
Iestyn Silva,Beginner,Harp,05-Feb-20,08-Feb-20,18,77.97,,,,,,
Huzaifah Kaye,Beginner,Violin,30-Mar-20,02-Apr-20,25,22.51,,,,,,
Mahi Henry,Intermediate,Piano,28-Feb-20,06-Mar-20,28,23.31,,,,,,
Corban Terrell,Advanced,Harp,30-May-20,24-Jun-20,9,75.26,,,,,,
Romy Reeves,Beginner,Cello,13-Apr-20,20-Apr-20,14,38.57,,,,,,
Kamila Avila,Beginner,Flute,05-Feb-20,26-Feb-20,7,100.07,,,,,,
Melisa Preece,Advanced,Piano,28-Apr-20,05-May-20,15,45.34,,,,,,
Eve Franks,Advanced,Trumpet,27-Jun-20,15-Jul-20,11,119.13,,,,,,
Hope Crawford,Beginner,Saxophone,12-Mar-20,15-Mar-20,9,76.48,,,,,,
Aliya Mcdowell,Intermediate,Drums,12-Apr-20,30-Apr-20,18,88.24,,,,,,
Enzo Hurst,Beginner,Saxophone,25-Feb-20,07-Mar-20,28,112.03,,,,,,
Barbara Whitfield,Advanced,Guitar,07-Mar-20,10-Mar-20,3,81.60,,,,,,
Luc Griffin,Beginner,Harp,04-Mar-20,15-Mar-20,18,108.19,,,,,,
Louis Parsons,Beginner,Harp,30-Jan-20,08-Feb-20,11,62.25,,,,,,
Sabiha Povey,Beginner,Violin,09-Apr-20,20-Apr-20,14,21.73,,,,,,
Derek Hackett,Intermediate,Harp,11-Feb-20,20-Feb-20,3,53.00,,,,,,
Ayla Esquivel,Beginner,Harp,28-Oct-20,18-Nov-20,14,32.87,,,,,,
Parker Pratt,Beginner,Trumpet,05-Jul-20,12-Jul-20,25,78.89,,,,,,
Courtnie Keeling,Advanced,Clarinet,18-May-20,12-Jun-20,11,41.32,,,,,,
Rico Clay,Beginner,Guitar,19-Jul-20,28-Jul-20,28,96.76,,,,,,
Jannat Pham,Intermediate,Piano,08-Mar-20,15-Mar-20,7,107.01,,,,,,
Dawud Hartman,Intermediate,Drums,05-Jun-20,23-Jun-20,18,49.09,,,,,,
Saif Talley,Intermediate,Trumpet,02-Jun-20,05-Jun-20,11,43.19,,,,,,
Raheel Singleton,Beginner,Violin,02-Feb-20,11-Feb-20,21,36.71,,,,,,
Kie Cummings,Advanced,Trumpet,17-Oct-20,07-Nov-20,3,43.04,,,,,,
Chester Healy,Advanced,Clarinet,12-May-20,15-May-20,28,30.96,,,,,,
Carly Galloway,Beginner,Clarinet,21-Apr-20,09-May-20,28,23.09,,,,,,
Santiago Gunn,Advanced,Saxophone,29-Aug-20,07-Sep-20,28,43.91,,,,,,
Weronika Landry,Beginner,Harp,13-Jan-20,22-Jan-20,14,23.42,,,,,,
Kye Churchill,Intermediate,Piano,09-Oct-20,12-Oct-20,18,43.26,,,,,,
Daanyal Stokes,Intermediate,Violin,29-Oct-20,09-Nov-20,11,57.13,,,,,,
Preston Wharton,Intermediate,Drums,15-Aug-20,05-Sep-20,18,82.17,,,,,,
Piper Preston,Beginner,Flute,03-Apr-20,10-Apr-20,28,42.37,,,,,,
Faizah East,Intermediate,Piano,17-Apr-20,05-May-20,11,109.87,,,,,,
Eleri Easton,Beginner,Violin,05-Mar-20,23-Mar-20,15,106.30,,,,,,
Dorothy Hunt,Advanced,Clarinet,30-Mar-20,14-Apr-20,28,94.91,,,,,,
Maheen Worthington,Advanced,Flute,01-May-20,19-May-20,14,117.48,,,,,,
Kyron Hume,Advanced,Flute,05-Mar-20,30-Mar-20,11,26.54,,,,,,
Blanka Glover,Advanced,Clarinet,25-Oct-20,09-Nov-20,28,112.63,,,,,,
Poppie Macdonald,Intermediate,Drums,28-Oct-20,22-Nov-20,18,32.31,,,,,,
Rosa Meza,Beginner,Harp,07-Sep-20,10-Sep-20,21,29.51,,,,,,
Virgil Bostock,Beginner,Trumpet,14-Aug-20,01-Sep-20,9,54.61,,,,,,
Yvette Mckenna,Advanced,Harp,29-Oct-20,05-Nov-20,9,97.97,,,,,,
Hashir Kennedy,Advanced,Piano,06-Oct-20,24-Oct-20,9,82.47,,,,,,
Jevan Greer,Intermediate,Guitar,28-Aug-20,18-Sep-20,14,63.19,,,,,,
Penelope Rojas,Advanced,Piano,26-Aug-20,20-Sep-20,14,106.22,,,,,,
Sadia Ryan,Advanced,Violin,03-May-20,24-May-20,28,99.65,,,,,,
Rudra Crowther,Beginner,Clarinet,12-Jun-20,19-Jun-20,21,52.40,,,,,,
Osian Washington,Beginner,Clarinet,17-Apr-20,02-May-20,11,117.97,,,,,,
Alissia Draper,Intermediate,Guitar,18-Jan-20,02-Feb-20,11,78.25,,,,,,
Acacia Woodcock,Intermediate,Cello,12-Sep-20,03-Oct-20,3,29.93,,,,,,
Aneeka Tucker,Advanced,Piano,22-Oct-20,12-Nov-20,21,116.61,,,,,,
Duncan Eastwood,Beginner,Clarinet,28-Oct-20,15-Nov-20,15,84.26,,,,,,
Felicia Ireland,Advanced,Saxophone,23-Jun-20,30-Jun-20,25,76.13,,,,,,
Daphne Alexander,Beginner,Violin,02-Jul-20,20-Jul-20,18,46.23,,,,,,
Willa Kaur,Advanced,Piano,11-Jun-20,18-Jun-20,14,85.50,,,,,,
Willie Grey,Advanced,Guitar,24-Mar-20,02-Apr-20,11,106.47,,,,,,
Sumayya Francis,Intermediate,Violin,04-Sep-20,29-Sep-20,21,39.94,,,,,,
Aqib Findlay,Intermediate,Drums,25-Feb-20,17-Mar-20,11,24.67,,,,,,
Lucian Steele,Beginner,Guitar,21-Oct-20,15-Nov-20,9,104.92,,,,,,
Stacie Medrano,Beginner,Drums,08-Jun-20,26-Jun-20,15,119.27,,,,,,
Ruairi Sherman,Advanced,Saxophone,23-Mar-20,30-Mar-20,25,59.28,,,,,,
Nafisa Parks,Beginner,Cello,27-Sep-20,30-Sep-20,21,60.61,,,,,,
Brandan Silva,Intermediate,Violin,16-Jan-20,06-Feb-20,18,33.15,,,,,,
Jamaal Oconnor,Intermediate,Drums,13-Jun-20,01-Jul-20,28,56.03,,,,,,
Simra Maynard,Advanced,Flute,26-Feb-20,15-Mar-20,15,64.02,,,,,,
Makenzie Hicks,Intermediate,Trumpet,22-Sep-20,07-Oct-20,21,112.01,,,,,,
Kourtney Hewitt,Intermediate,Guitar,26-Sep-20,29-Sep-20,15,61.35,,,,,,
Kealan Cano,Advanced,Cello,22-Aug-20,12-Sep-20,21,53.00,,,,,,
Zoey Lu,Advanced,Flute,05-Sep-20,14-Sep-20,21,73.36,,,,,,
Mindy Rankin,Beginner,Saxophone,11-Apr-20,18-Apr-20,21,85.02,,,,,,
Ryder Adamson,Beginner,Saxophone,02-Apr-20,20-Apr-20,7,47.40,,,,,,
Mujtaba Mcfarland,Advanced,Guitar,29-Sep-20,14-Oct-20,28,56.96,,,,,,
Marisa Salinas,Intermediate,Drums,15-May-20,24-May-20,7,63.60,,,,,,
Albie Hutchings,Beginner,Violin,07-Jan-20,16-Jan-20,9,37.50,,,,,,
Troy Wicks,Beginner,Cello,17-Feb-20,20-Feb-20,25,42.92,,,,,,
Richard King,Intermediate,Trumpet,02-Mar-20,11-Mar-20,3,115.78,,,,,,
Kaylen Galvan,Advanced,Cello,26-Oct-20,02-Nov-20,21,45.32,,,,,,
Yanis Duggan,Beginner,Drums,31-Jul-20,21-Aug-20,14,99.95,,,,,,
Riaz Parkes,Beginner,Guitar,18-May-20,05-Jun-20,3,117.44,,,,,,
Indi Lawrence,Beginner,Flute,11-Jan-20,14-Jan-20,28,37.46,,,,,,
Colette Dunn,Beginner,Clarinet,26-Jan-20,10-Feb-20,15,101.42,,,,,,
Mollie Mathis,Advanced,Piano,06-Oct-20,15-Oct-20,9,74.29,,,,,,
Leen Combs,Advanced,Flute,19-Jun-20,10-Jul-20,21,106.29,,,,,,
Jacqueline Rooney,Beginner,Harp,01-Jun-20,19-Jun-20,11,62.12,,,,,,
Ema Morse,Beginner,Drums,27-Jun-20,30-Jun-20,14,21.56,,,,,,
Gia Hughes,Advanced,Violin,09-Jun-20,12-Jun-20,21,112.96,,,,,,
Zayna Nieves,Advanced,Flute,13-Jun-20,16-Jun-20,21,41.11,,,,,,
Bruce Calderon,Advanced,Harp,11-Mar-20,05-Apr-20,3,96.33,,,,,,
Sahib Brewer,Beginner,Harp,17-Sep-20,12-Oct-20,9,23.11,,,,,,
Clive Hooper,Intermediate,Drums,21-Aug-20,08-Sep-20,25,87.76,,,,,,
Matteo Coulson,Advanced,Violin,09-Jul-20,03-Aug-20,25,86.75,,,,,,
Zidan Jaramillo,Intermediate,Trumpet,07-Jun-20,18-Jun-20,14,60.43,,,,,,
Noor Owens,Intermediate,Flute,01-Apr-20,26-Apr-20,7,81.29,,,,,,
Calista Rennie,Advanced,Flute,25-Sep-20,02-Oct-20,25,37.56,,,,,,
Ophelia Avalos,Beginner,Violin,18-Jul-20,27-Jul-20,15,51.75,,,,,,
Jodi Crane,Beginner,Saxophone,30-Mar-20,24-Apr-20,15,91.49,,,,,,
Ed Bates,Intermediate,Violin,11-Aug-20,14-Aug-20,21,95.61,,,,,,
Aiza Jones,Advanced,Saxophone,12-Aug-20,27-Aug-20,21,61.68,,,,,,
Hussein Salas,Advanced,Trumpet,02-Oct-20,09-Oct-20,21,90.94,,,,,,
Jak Barnes,Beginner,Drums,04-Mar-20,25-Mar-20,14,92.61,,,,,,
Lyndon Bonner,Intermediate,Piano,21-Jul-20,28-Jul-20,18,20.81,,,,,,
Roksana England,Intermediate,Guitar,30-Jan-20,17-Feb-20,9,100.29,,,,,,
Iestyn Bryan,Beginner,Trumpet,10-Sep-20,21-Sep-20,7,65.50,,,,,,
Armani Prosser,Intermediate,Clarinet,08-Apr-20,26-Apr-20,25,112.21,,,,,,
Arham Mosley,Beginner,Harp,26-Feb-20,08-Mar-20,11,110.50,,,,,,
Saira Joyner,Advanced,Piano,05-Sep-20,30-Sep-20,9,44.89,,,,,,
Simeon Benitez,Intermediate,Cello,29-Oct-20,09-Nov-20,25,91.13,,,,,,
Chase Hawkins,Advanced,Violin,08-Jun-20,26-Jun-20,25,84.94,,,,,,
Tea Tierney,Advanced,Clarinet,20-Jun-20,05-Jul-20,9,102.70,,,,,,
Zeynep Cotton,Beginner,Guitar,01-Nov-20,12-Nov-20,21,71.12,,,,,,
Frazer Lister,Advanced,Trumpet,19-Apr-20,10-May-20,9,97.20,,,,,,
Jazmyn Maxwell,Intermediate,Clarinet,22-Jan-20,12-Feb-20,18,74.20,,,,,,
Kitty Needham,Beginner,Saxophone,07-Sep-20,22-Sep-20,9,103.17,,,,,,
Macauley O'Gallagher,Advanced,Trumpet,07-Feb-20,22-Feb-20,7,77.95,,,,,,
Yusha Ayala,Beginner,Guitar,14-Feb-20,06-Mar-20,21,34.28,,,,,,
Brenna Morales,Beginner,Harp,03-Feb-20,24-Feb-20,28,105.10,,,,,,
Ellie-Rose Brandt,Intermediate,Trumpet,03-Apr-20,18-Apr-20,21,36.13,,,,,,
Carwyn Hess,Beginner,Drums,11-Sep-20,06-Oct-20,18,22.12,,,,,,
Uwais Valdez,Beginner,Guitar,11-May-20,01-Jun-20,3,119.32,,,,,,
Mila Saunders,Intermediate,Harp,01-Apr-20,19-Apr-20,25,108.19,,,,,,
Noa Plummer,Advanced,Drums,21-Sep-20,12-Oct-20,15,101.34,,,,,,
Asma Rahman,Advanced,Flute,23-Mar-20,01-Apr-20,28,112.35,,,,,,
Aneesah White,Advanced,Guitar,20-Feb-20,27-Feb-20,3,85.12,,,,,,
Sumaiya Peterson,Intermediate,Saxophone,28-Aug-20,04-Sep-20,18,45.15,,,,,,
Emily Kay,Beginner,Saxophone,22-May-20,12-Jun-20,11,29.01,,,,,,
Lleyton Nieves,Advanced,Drums,17-Aug-20,24-Aug-20,18,34.24,,,,,,
Vickie Pate,Intermediate,Saxophone,28-Sep-20,01-Oct-20,7,113.06,,,,,,
Saniya Espinosa,Beginner,Harp,28-Jul-20,06-Aug-20,21,73.22,,,,,,
Mina Greenaway,Advanced,Clarinet,19-Jun-20,10-Jul-20,7,108.39,,,,,,
Mira Baird,Intermediate,Harp,07-May-20,25-May-20,11,83.92,,,,,,
Denis Cisneros,Beginner,Trumpet,25-Jul-20,05-Aug-20,11,72.73,,,,,,
Dave North,Beginner,Violin,09-Feb-20,20-Feb-20,14,91.31,,,,,,
Marta Rivas,Beginner,Guitar,05-Jan-20,08-Jan-20,15,72.60,,,,,,
Sapphire Banks,Advanced,Guitar,22-Feb-20,18-Mar-20,14,106.34,,,,,,
Yehuda Espinoza,Intermediate,Flute,03-Oct-20,14-Oct-20,25,23.61,,,,,,
Anis Morris,Advanced,Drums,31-Oct-20,09-Nov-20,11,65.27,,,,,,
Alayna Greene,Intermediate,Flute,28-Sep-20,13-Oct-20,9,112.90,,,,,,
Jamelia Irving,Beginner,Saxophone,24-Apr-20,27-Apr-20,14,23.03,,,,,,
Donald Whitney,Advanced,Drums,05-Aug-20,08-Aug-20,15,27.15,,,,,,
Henna Gardner,Beginner,Saxophone,09-Sep-20,20-Sep-20,3,113.80,,,,,,
Rufus Wormald,Beginner,Piano,24-Aug-20,02-Sep-20,14,92.64,,,,,,
Nishat Brady,Intermediate,Trumpet,02-Feb-20,27-Feb-20,9,58.36,,,,,,
Charlie Yoder,Intermediate,Saxophone,16-Mar-20,10-Apr-20,3,89.36,,,,,,
Yuvraj Leonard,Advanced,Guitar,17-Feb-20,06-Mar-20,11,108.56,,,,,,
Cataleya Dean,Beginner,Harp,01-May-20,26-May-20,9,49.73,,,,,,
Lilly-Mai Ewing,Intermediate,Trumpet,29-Feb-20,18-Mar-20,15,69.42,,,,,,
Finley Shannon,Beginner,Clarinet,24-Apr-20,05-May-20,18,111.19,,,,,,
Maiya Finney,Beginner,Piano,11-Oct-20,29-Oct-20,11,45.38,,,,,,
Pauline Wall,Advanced,Drums,16-Aug-20,23-Aug-20,18,105.49,,,,,,
Ptolemy Ryder,Advanced,Drums,10-Oct-20,04-Nov-20,9,98.33,,,,,,
Daniel Hughes,Intermediate,Piano,24-Apr-20,27-Apr-20,3,92.18,,,,,,
Madison Stephens,Advanced,Clarinet,15-Mar-20,24-Mar-20,15,35.07,,,,,,
Gracie-Mai Ponce,Advanced,Saxophone,26-Oct-20,02-Nov-20,14,30.65,,,,,,
Nichole Nicholls,Advanced,Harp,16-Apr-20,07-May-20,28,36.58,,,,,,
Lydia Brook,Advanced,Drums,12-Apr-20,03-May-20,14,24.13,,,,,,
Eric Sharples,Advanced,Saxophone,14-Jun-20,21-Jun-20,21,111.74,,,,,,
Marie Weiss,Advanced,Flute,08-Sep-20,03-Oct-20,3,119.31,,,,,,
Trevor Mckee,Advanced,Violin,18-Mar-20,08-Apr-20,28,71.83,,,,,,
Jobe Malone,Advanced,Harp,27-Sep-20,18-Oct-20,11,88.31,,,,,,
Leon Hopper,Beginner,Clarinet,21-Oct-20,01-Nov-20,9,24.49,,,,,,
Lindsey Hamer,Intermediate,Harp,31-May-20,21-Jun-20,14,37.12,,,,,,
Tyreece Briggs,Intermediate,Violin,13-Jul-20,28-Jul-20,15,108.95,,,,,,
Lennon Downes,Advanced,Cello,13-Sep-20,28-Sep-20,14,92.87,,,,,,
Lennie Lewis,Beginner,Harp,13-Oct-20,20-Oct-20,21,22.62,,,,,,
Mustafa Sears,Beginner,Trumpet,28-Sep-20,05-Oct-20,7,47.24,,,,,,
Stacey Wallace,Beginner,Cello,28-Jan-20,15-Feb-20,14,27.70,,,,,,
Keeley Mccaffrey,Intermediate,Cello,19-Oct-20,30-Oct-20,21,26.04,,,,,,
Hayleigh Reyes,Intermediate,Piano,04-Jan-20,25-Jan-20,11,38.66,,,,,,
Taylan Lamb,Advanced,Clarinet,04-Aug-20,25-Aug-20,28,29.35,,,,,,
Saima Fernandez,Beginner,Saxophone,27-Apr-20,06-May-20,14,96.96,,,,,,
Jayde Carney,Advanced,Piano,01-Jun-20,10-Jun-20,14,105.06,,,,,,
Tiago Davila,Beginner,Drums,18-Aug-20,21-Aug-20,3,53.97,,,,,,
Cerys Hood,Advanced,Flute,17-Oct-20,07-Nov-20,14,67.39,,,,,,
Derrick Ritter,Beginner,Violin,19-Apr-20,10-May-20,14,94.55,,,,,,
Nathan Hickman,Intermediate,Cello,12-Apr-20,30-Apr-20,15,71.46,,,,,,
Arsalan Singleton,Intermediate,Guitar,16-Apr-20,11-May-20,18,119.40,,,,,,
Ceri Davenport,Advanced,Drums,30-Oct-20,17-Nov-20,21,55.30,,,,,,
Boyd Ireland,Beginner,Cello,18-Aug-20,29-Aug-20,25,90.39,,,,,,
Karson Sykes,Intermediate,Clarinet,01-May-20,26-May-20,9,91.33,,,,,,
Jack Curran,Advanced,Guitar,29-May-20,07-Jun-20,14,69.35,,,,,,
Lani Swan,Beginner,Piano,18-May-20,12-Jun-20,14,89.25,,,,,,
Abbigail Black,Intermediate,Cello,13-May-20,28-May-20,11,105.06,,,,,,
Indiana Wang,Advanced,Clarinet,03-Jun-20,21-Jun-20,25,44.29,,,,,,
Iestyn Daly,Advanced,Flute,07-Jun-20,28-Jun-20,9,115.15,,,,,,
Samiyah Devine,Advanced,Drums,11-May-20,01-Jun-20,15,73.68,,,,,,
Angelina Hines,Advanced,Flute,15-Sep-20,22-Sep-20,28,108.83,,,,,,
Vivaan Bostock,Intermediate,Drums,18-Sep-20,06-Oct-20,28,29.28,,,,,,
Kelsea Barrow,Intermediate,Cello,16-Jan-20,03-Feb-20,18,23.76,,,,,,
Murphy Phillips,Advanced,Trumpet,12-Jul-20,02-Aug-20,9,98.15,,,,,,
Joann Hogan,Advanced,Drums,27-Aug-20,14-Sep-20,3,71.14,,,,,,
Norman Jeffery,Intermediate,Drums,12-Oct-20,19-Oct-20,9,119.80,,,,,,
Gideon Acosta,Intermediate,Clarinet,03-Feb-20,10-Feb-20,28,114.55,,,,,,
Isabella-Rose Mccall,Advanced,Guitar,10-Jul-20,19-Jul-20,7,86.83,,,,,,
Hal Penn,Intermediate,Flute,25-Jun-20,02-Jul-20,15,26.19,,,,,,
Eadie Dolan,Intermediate,Guitar,03-Feb-20,18-Feb-20,25,22.40,,,,,,
Alayah Lynch,Advanced,Piano,25-Oct-20,09-Nov-20,28,106.42,,,,,,
Geoffrey Thorpe,Beginner,Violin,08-Feb-20,04-Mar-20,21,102.18,,,,,,
Ayaan Pitts,Intermediate,Cello,20-Jun-20,15-Jul-20,11,46.89,,,,,,
Gia Robles,Intermediate,Violin,11-Jan-20,05-Feb-20,21,102.63,,,,,,
Mairead Ball,Advanced,Violin,24-Mar-20,31-Mar-20,9,93.03,,,,,,
Eathan Barron,Advanced,Piano,23-May-20,17-Jun-20,28,106.43,,,,,,
Arwen Bell,Beginner,Violin,24-Aug-20,11-Sep-20,7,55.86,,,,,,
Tallulah Humphries,Intermediate,Flute,25-Feb-20,07-Mar-20,28,27.91,,,,,,
Emilis Becker,Beginner,Harp,28-Jan-20,15-Feb-20,25,49.60,,,,,,
Marianne Hubbard,Beginner,Guitar,03-Aug-20,24-Aug-20,14,116.96,,,,,,
Lylah O'Brien,Beginner,Violin,30-Jan-20,20-Feb-20,21,104.04,,,,,,
Wesley Griffith,Intermediate,Cello,25-Jun-20,02-Jul-20,21,96.21,,,,,,
Zainab Soto,Advanced,Clarinet,07-Mar-20,25-Mar-20,14,95.51,,,,,,
Ashley Diaz,Advanced,Flute,20-Jun-20,23-Jun-20,15,24.04,,,,,,
Manon Talley,Advanced,Violin,17-Jan-20,11-Feb-20,9,110.34,,,,,,
Stanislaw Wise,Advanced,Piano,02-Feb-20,17-Feb-20,9,48.32,,,,,,
Carlos Hough,Beginner,Flute,21-Jan-20,01-Feb-20,15,64.40,,,,,,
Can Ahmed,Beginner,Flute,30-Apr-20,03-May-20,28,82.59,,,,,,
Tegan Kennedy,Intermediate,Violin,29-May-20,05-Jun-20,14,110.34,,,,,,
Duncan Johnson,Advanced,Harp,10-Aug-20,17-Aug-20,11,43.53,,,,,,
Celyn Baker,Beginner,Violin,07-Jun-20,16-Jun-20,25,88.05,,,,,,
Braxton Ibarra,Intermediate,Piano,26-Mar-20,16-Apr-20,15,92.86,,,,,,
Ianis Legge,Beginner,Cello,21-Aug-20,01-Sep-20,9,83.73,,,,,,
Dominick Timms,Intermediate,Guitar,27-Mar-20,11-Apr-20,9,63.44,,,,,,
Lilia Cook,Intermediate,Piano,26-Jun-20,29-Jun-20,11,75.03,,,,,,
Paula Velasquez,Intermediate,Guitar,11-Mar-20,18-Mar-20,21,47.93,,,,,,
Tonya Pope,Advanced,Piano,31-May-20,21-Jun-20,7,64.15,,,,,,
Tobi Charlton,Intermediate,Cello,21-Jan-20,08-Feb-20,14,48.87,,,,,,
Avery Wise,Beginner,Harp,16-Feb-20,05-Mar-20,21,46.52,,,,,,
Zackery Booth,Beginner,Cello,18-Aug-20,25-Aug-20,9,48.97,,,,,,
Betsy Tyson,Advanced,Guitar,29-Aug-20,19-Sep-20,18,64.77,,,,,,
Sanjay Henderson,Intermediate,Clarinet,17-May-20,04-Jun-20,3,106.65,,,,,,
Mehmet Byers,Intermediate,Drums,07-May-20,16-May-20,28,26.37,,,,,,
Harlee Case,Beginner,Piano,08-Mar-20,17-Mar-20,14,81.22,,,,,,
Sherri Reilly,Intermediate,Trumpet,11-Feb-20,22-Feb-20,21,34.22,,,,,,
Rebekah Brett,Intermediate,Flute,17-Sep-20,08-Oct-20,9,87.12,,,,,,
Randall Brennan,Intermediate,Piano,08-Oct-20,02-Nov-20,9,50.94,,,,,,
Laaibah Nolan,Intermediate,Piano,06-Apr-20,21-Apr-20,11,82.15,,,,,,
Evie-Mai Guy,Beginner,Drums,03-Jan-20,18-Jan-20,14,21.74,,,,,,
Husna Robin,Intermediate,Clarinet,16-Jul-20,06-Aug-20,21,58.57,,,,,,
Erin Paterson,Advanced,Harp,03-Aug-20,06-Aug-20,14,80.05,,,,,,
Usama Ayala,Advanced,Harp,29-Jun-20,10-Jul-20,15,81.62,,,,,,
Orlando Vargas,Intermediate,Drums,19-Jun-20,22-Jun-20,14,40.19,,,,,,
Roxie Lindsey,Intermediate,Guitar,23-Jun-20,04-Jul-20,3,93.59,,,,,,
Darcey Moses,Advanced,Violin,26-Jul-20,02-Aug-20,25,92.78,,,,,,
Landon Franco,Intermediate,Saxophone,07-Apr-20,02-May-20,9,46.34,,,,,,
Norma Park,Advanced,Guitar,18-Aug-20,02-Sep-20,3,66.83,,,,,,
Eshal Baird,Intermediate,Clarinet,02-May-20,05-May-20,28,66.27,,,,,,
Linzi Paul,Intermediate,Harp,19-Jan-20,03-Feb-20,11,22.06,,,,,,
Marianne Bryant,Advanced,Drums,07-Jun-20,10-Jun-20,9,95.69,,,,,,
Maddie Hardin,Intermediate,Guitar,03-Aug-20,14-Aug-20,25,24.79,,,,,,
Keon Bowes,Beginner,Drums,20-Aug-20,04-Sep-20,15,65.33,,,,,,
Junayd Edge,Intermediate,Piano,25-Sep-20,13-Oct-20,21,88.06,,,,,,
Enya Cummings,Advanced,Trumpet,24-Oct-20,18-Nov-20,14,109.61,,,,,,
Aden Hodges,Beginner,Violin,22-Jun-20,25-Jun-20,3,50.29,,,,,,
Kim Cowan,Beginner,Cello,17-Feb-20,13-Mar-20,7,101.43,,,,,,
Carl Krueger,Intermediate,Trumpet,28-Jul-20,18-Aug-20,14,82.15,,,,,,
Otis Jacobson,Beginner,Clarinet,11-Jul-20,26-Jul-20,7,37.40,,,,,,
Juniper Chan,Beginner,Harp,05-Jan-20,26-Jan-20,15,51.91,,,,,,
Jordanne Riddle,Intermediate,Cello,29-Apr-20,02-May-20,11,93.49,,,,,,
Jessica Irving,Advanced,Violin,28-Oct-20,04-Nov-20,9,63.04,,,,,,
Izabella Snyder,Intermediate,Guitar,10-Feb-20,19-Feb-20,11,26.76,,,,,,
Kirstie Strong,Intermediate,Clarinet,10-Aug-20,21-Aug-20,11,56.46,,,,,,
Elin Villarreal,Advanced,Harp,12-Jun-20,27-Jun-20,7,102.95,,,,,,
Paula Philip,Advanced,Saxophone,23-Sep-20,04-Oct-20,25,43.16,,,,,,
Cameron Nicholson,Intermediate,Piano,17-Jun-20,20-Jun-20,21,25.34,,,,,,
Avaya Solomon,Beginner,Piano,13-Jul-20,20-Jul-20,9,88.63,,,,,,
Evelyn Firth,Beginner,Piano,24-Aug-20,02-Sep-20,21,83.05,,,,,,
Maksim Maguire,Advanced,Clarinet,05-Jun-20,08-Jun-20,3,22.38,,,,,,
Kara John,Advanced,Violin,18-Jul-20,27-Jul-20,28,89.40,,,,,,
Tommie Ray,Advanced,Drums,14-May-20,21-May-20,11,117.96,,,,,,
Conna Sparks,Advanced,Saxophone,24-Jul-20,14-Aug-20,11,65.05,,,,,,
Giselle Harris,Intermediate,Drums,27-Jul-20,14-Aug-20,21,101.85,,,,,,
Aj Britt,Advanced,Cello,10-Sep-20,05-Oct-20,14,60.44,,,,,,
Alicja Mcbride,Advanced,Violin,01-Jan-20,10-Jan-20,3,87.87,,,,,,
Sienna-Rose Flowers,Intermediate,Guitar,28-Aug-20,12-Sep-20,14,97.68,,,,,,
Skye Morse,Intermediate,Saxophone,15-Feb-20,04-Mar-20,3,31.14,,,,,,
Jax Lyon,Advanced,Trumpet,29-Oct-20,16-Nov-20,7,64.30,,,,,,
Eleni Riggs,Advanced,Clarinet,29-Jan-20,05-Feb-20,15,50.58,,,,,,
Montgomery Power,Beginner,Guitar,23-Jun-20,26-Jun-20,14,112.98,,,,,,
Sheena Mccarthy,Intermediate,Violin,14-May-20,21-May-20,11,87.75,,,,,,
Barbara Eastwood,Intermediate,Saxophone,08-Sep-20,15-Sep-20,14,107.30,,,,,,
Noa Frost,Beginner,Trumpet,16-Aug-20,06-Sep-20,14,48.20,,,,,,
Rocky Johns,Beginner,Cello,02-Mar-20,27-Mar-20,28,22.46,,,,,,
Lulu Whiteley,Advanced,Harp,09-Aug-20,16-Aug-20,11,40.06,,,,,,
Rumaisa Oconnor,Beginner,Guitar,20-Aug-20,31-Aug-20,21,31.17,,,,,,
Aneesah Guzman,Intermediate,Clarinet,09-Oct-20,20-Oct-20,9,20.05,,,,,,
Mayur Figueroa,Intermediate,Violin,11-Aug-20,18-Aug-20,18,29.23,,,,,,
Octavia Terry,Advanced,Guitar,15-Aug-20,30-Aug-20,21,80.06,,,,,,
Brayden Guerrero,Advanced,Saxophone,29-Oct-20,13-Nov-20,7,86.06,,,,,,
Frederic Burrows,Beginner,Clarinet,10-Jun-20,01-Jul-20,21,53.56,,,,,,
Yisroel Finch,Intermediate,Trumpet,20-Jan-20,29-Jan-20,3,78.49,,,,,,
Jana Ellwood,Beginner,Drums,08-Jan-20,02-Feb-20,9,52.58,,,,,,
Graham Nairn,Beginner,Flute,27-May-20,07-Jun-20,7,107.80,,,,,,
Ameerah Beil,Advanced,Violin,04-May-20,25-May-20,14,99.02,,,,,,
Allegra Major,Beginner,Drums,05-Aug-20,14-Aug-20,14,28.22,,,,,,
Britney Nunez,Advanced,Harp,06-Aug-20,27-Aug-20,21,47.44,,,,,,
Brendon Liu,Beginner,Cello,14-Oct-20,17-Oct-20,7,91.52,,,,,,
Kenya Vaughan,Beginner,Clarinet,19-Mar-20,28-Mar-20,21,103.70,,,,,,
Ricky Dupont,Intermediate,Drums,02-Apr-20,27-Apr-20,18,65.25,,,,,,
Prince Tucker,Intermediate,Harp,12-Mar-20,15-Mar-20,9,46.39,,,,,,
Chiara Mcleod,Advanced,Trumpet,21-Aug-20,01-Sep-20,7,112.50,,,,,,
Fannie Mayer,Beginner,Piano,24-Aug-20,02-Sep-20,9,61.74,,,,,,
Aoife Foreman,Advanced,Guitar,28-May-20,18-Jun-20,18,65.82,,,,,,
Vinay Riley,Advanced,Violin,26-Jan-20,10-Feb-20,11,119.23,,,,,,
Ocean Cote,Advanced,Violin,14-Mar-20,08-Apr-20,9,22.64,,,,,,
Issac Blevins,Beginner,Clarinet,21-Feb-20,24-Feb-20,3,98.09,,,,,,
Darren Benton,Intermediate,Clarinet,28-Sep-20,07-Oct-20,11,69.50,,,,,,
Amaan Bean,Advanced,Piano,04-Jul-20,29-Jul-20,11,29.47,,,,,,
Kelsea Higgins,Intermediate,Clarinet,08-Jan-20,23-Jan-20,14,60.15,,,,,,
Elora O'Neill,Intermediate,Saxophone,15-Jul-20,22-Jul-20,14,75.23,,,,,,
Campbell Hirst,Beginner,Flute,15-Jun-20,18-Jun-20,28,113.19,,,,,,
Effie Stone,Intermediate,Drums,15-May-20,22-May-20,18,115.66,,,,,,
Raiden Amin,Advanced,Cello,25-Apr-20,10-May-20,25,119.02,,,,,,
Anthony Humphreys,Advanced,Violin,18-May-20,25-May-20,9,110.86,,,,,,
Darcie Albert,Intermediate,Guitar,25-Apr-20,13-May-20,28,86.47,,,,,,
Suranne Timms,Intermediate,Guitar,08-Mar-20,26-Mar-20,3,77.62,,,,,,
Cassie Vickers,Intermediate,Flute,16-May-20,06-Jun-20,28,55.49,,,,,,
Bruce Sweet,Intermediate,Harp,30-Jun-20,07-Jul-20,15,60.00,,,,,,
Jardel Banks,Beginner,Violin,23-Sep-20,30-Sep-20,25,72.34,,,,,,
Sabah Conrad,Beginner,Piano,10-Jun-20,05-Jul-20,7,51.43,,,,,,
Athena Christensen,Advanced,Piano,05-Jun-20,23-Jun-20,25,26.17,,,,,,
Blossom Burke,Intermediate,Flute,29-May-20,13-Jun-20,9,37.35,,,,,,
Samiyah Fowler,Beginner,Violin,04-Sep-20,25-Sep-20,28,87.75,,,,,,
Ameena Wills,Intermediate,Guitar,31-May-20,03-Jun-20,14,48.60,,,,,,
Kishan Odling,Beginner,Guitar,10-Jun-20,25-Jun-20,21,69.15,,,,,,
Tyra Santos,Beginner,Drums,30-Oct-20,24-Nov-20,9,31.23,,,,,,
Nathanial Hagan,Advanced,Trumpet,21-Apr-20,28-Apr-20,3,27.01,,,,,,
Hiba North,Intermediate,Clarinet,24-Aug-20,14-Sep-20,7,38.68,,,,,,
Tate Francis,Advanced,Clarinet,04-May-20,29-May-20,14,30.46,,,,,,
Maryam O'Brien,Intermediate,Cello,05-May-20,08-May-20,18,35.81,,,,,,
Patricia Hamer,Intermediate,Guitar,27-Sep-20,22-Oct-20,25,55.80,,,,,,
Monica Miller,Beginner,Trumpet,01-Sep-20,08-Sep-20,9,71.25,,,,,,
Haleema Vasquez,Beginner,Clarinet,31-Oct-20,09-Nov-20,21,45.99,,,,,,
Melody Adams,Advanced,Saxophone,01-Sep-20,22-Sep-20,18,45.13,,,,,,
Gail Mccoy,Advanced,Harp,20-Feb-20,12-Mar-20,9,89.11,,,,,,
Amelia-Lily Spooner,Intermediate,Saxophone,08-Aug-20,17-Aug-20,11,92.28,,,,,,
Roan Love,Intermediate,Harp,25-Feb-20,07-Mar-20,11,62.60,,,,,,
Callan Rubio,Beginner,Violin,04-Feb-20,25-Feb-20,11,45.64,,,,,,
Honor Gaines,Advanced,Violin,27-Mar-20,03-Apr-20,7,113.67,,,,,,
Brandi Graham,Advanced,Clarinet,23-Oct-20,17-Nov-20,7,47.14,,,,,,
Asia Bryan,Intermediate,Guitar,05-Jan-20,16-Jan-20,14,60.87,,,,,,
Danni Sosa,Intermediate,Guitar,10-Aug-20,21-Aug-20,15,57.72,,,,,,
Ezra Atkins,Intermediate,Violin,25-Jan-20,19-Feb-20,11,34.24,,,,,,
Jordanne Pierce,Advanced,Flute,12-Aug-20,30-Aug-20,7,112.47,,,,,,
Bronte Betts,Beginner,Harp,06-Mar-20,13-Mar-20,11,64.38,,,,,,
Kofi Pearce,Intermediate,Violin,03-Mar-20,10-Mar-20,18,38.60,,,,,,
Cecilia Mann,Beginner,Violin,10-May-20,25-May-20,21,69.16,,,,,,
Hadiqa Glenn,Beginner,Flute,06-May-20,24-May-20,9,44.11,,,,,,
Sidney Lambert,Intermediate,Flute,05-Jun-20,14-Jun-20,28,45.14,,,,,,
Giorgia Murphy,Advanced,Guitar,24-Jan-20,08-Feb-20,3,115.42,,,,,,
Vikram Rosario,Advanced,Flute,10-Oct-20,28-Oct-20,28,93.33,,,,,,
Alysha Lu,Intermediate,Saxophone,24-Jan-20,02-Feb-20,11,78.86,,,,,,
Tanvir Farrington,Intermediate,Saxophone,24-Jul-20,04-Aug-20,9,41.08,,,,,,
Owais Piper,Beginner,Clarinet,22-Jun-20,29-Jun-20,14,56.99,,,,,,
Merryn Bishop,Beginner,Drums,12-Jul-20,15-Jul-20,25,58.72,,,,,,
Asma Begum,Advanced,Violin,25-May-20,28-May-20,3,24.62,,,,,,
Kimberley Lawson,Intermediate,Drums,10-Sep-20,21-Sep-20,7,109.67,,,,,,
Zayna Pace,Beginner,Violin,27-Apr-20,08-May-20,7,111.88,,,,,,
Duane Atkinson,Advanced,Flute,28-Aug-20,12-Sep-20,18,77.74,,,,,,
Giorgio Pratt,Advanced,Drums,27-Jul-20,30-Jul-20,21,44.31,,,,,,
Matylda Schneider,Intermediate,Drums,01-Feb-20,04-Feb-20,11,107.89,,,,,,
Harleigh Mcgrath,Beginner,Flute,05-Sep-20,26-Sep-20,21,103.16,,,,,,
Jaylen Hough,Intermediate,Violin,07-Oct-20,22-Oct-20,18,21.72,,,,,,
Jannah Kirby,Beginner,Drums,29-Oct-20,16-Nov-20,28,37.43,,,,,,
Codie Horne,Intermediate,Clarinet,06-Feb-20,17-Feb-20,3,26.88,,,,,,
Isadora Davies,Beginner,Guitar,30-May-20,24-Jun-20,9,50.99,,,,,,
Tobi Stuart,Beginner,Saxophone,19-Apr-20,10-May-20,11,58.48,,,,,,
Brooke Wilder,Beginner,Cello,19-May-20,30-May-20,21,59.55,,,,,,
Luqman Lim,Beginner,Clarinet,21-Mar-20,28-Mar-20,21,113.40,,,,,,
Shelbie Rasmussen,Advanced,Flute,17-Apr-20,12-May-20,28,30.79,,,,,,
Zofia Tucker,Beginner,Saxophone,30-Oct-20,10-Nov-20,9,106.29,,,,,,
Raul Coffey,Advanced,Cello,06-Mar-20,15-Mar-20,9,97.19,,,,,,
Marisa Melton,Beginner,Flute,17-Jul-20,20-Jul-20,9,60.83,,,,,,
Sheldon Foster,Intermediate,Violin,28-Jun-20,19-Jul-20,18,31.32,,,,,,
Reginald Snyder,Intermediate,Piano,30-Oct-20,08-Nov-20,11,62.49,,,,,,
Dolly Brett,Advanced,Clarinet,17-Aug-20,28-Aug-20,7,91.24,,,,,,
Tommy Carter,Advanced,Harp,24-Aug-20,18-Sep-20,28,78.97,,,,,,
Roscoe Neale,Advanced,Trumpet,17-Jun-20,08-Jul-20,25,103.92,,,,,,
Josie Frederick,Beginner,Trumpet,07-May-20,22-May-20,7,109.59,,,,,,
Ozan Mercer,Beginner,Guitar,16-Jul-20,31-Jul-20,7,79.78,,,,,,
Bradlee Chaney,Intermediate,Harp,25-Aug-20,01-Sep-20,21,87.98,,,,,,
Jerry Vaughan,Advanced,Harp,03-Jun-20,21-Jun-20,28,89.55,,,,,,
Julian Grey,Beginner,Saxophone,15-Aug-20,26-Aug-20,11,24.33,,,,,,
Shanaya Xiong,Beginner,Trumpet,27-Oct-20,11-Nov-20,9,88.44,,,,,,
Denis Short,Beginner,Guitar,20-Mar-20,29-Mar-20,21,39.95,,,,,,
Tanya Guzman,Beginner,Harp,28-Apr-20,16-May-20,21,41.57,,,,,,
Leah Horn,Intermediate,Flute,10-Jul-20,17-Jul-20,14,24.98,,,,,,
Ubaid Merrill,Intermediate,Flute,12-Jan-20,19-Jan-20,21,42.65,,,,,,
Shawn Slater,Advanced,Trumpet,04-Apr-20,25-Apr-20,15,99.69,,,,,,
Anya Ibarra,Beginner,Flute,17-Mar-20,24-Mar-20,18,55.43,,,,,,
Zakariah Petersen,Beginner,Trumpet,01-Mar-20,16-Mar-20,18,53.67,,,,,,
Kathryn Stark,Beginner,Clarinet,05-Mar-20,14-Mar-20,3,117.51,,,,,,
Beulah Lowery,Intermediate,Cello,30-Aug-20,02-Sep-20,15,99.70,,,,,,
Caine Collins,Intermediate,Flute,27-Mar-20,05-Apr-20,28,72.22,,,,,,
Emeli Whitfield,Intermediate,Harp,30-Oct-20,17-Nov-20,11,94.53,,,,,,
Winston Lozano,Intermediate,Flute,23-May-20,03-Jun-20,3,66.32,,,,,,
Zahid Dale,Advanced,Trumpet,30-May-20,20-Jun-20,25,75.41,,,,,,
Pascal Spencer,Advanced,Clarinet,02-Aug-20,27-Aug-20,7,101.76,,,,,,
Jon Edge,Advanced,Trumpet,29-Apr-20,06-May-20,9,108.31,,,,,,
Hugo Mcgregor,Advanced,Trumpet,11-May-20,18-May-20,18,50.54,,,,,,
Aarav Potts,Advanced,Clarinet,08-Jul-20,19-Jul-20,9,109.24,,,,,,
Luciano Arroyo,Intermediate,Guitar,29-Apr-20,14-May-20,21,72.38,,,,,,
Romario Reilly,Beginner,Guitar,31-Oct-20,25-Nov-20,9,87.48,,,,,,
Susannah Estes,Advanced,Guitar,24-Feb-20,13-Mar-20,9,33.62,,,,,,
Ebrahim Bolton,Advanced,Guitar,03-Aug-20,14-Aug-20,25,62.85,,,,,,
Zidane Henson,Intermediate,Cello,31-Mar-20,25-Apr-20,7,41.77,,,,,,
Sarah Hardy,Intermediate,Piano,01-May-20,04-May-20,7,44.69,,,,,,
Sadia Lester,Intermediate,Cello,16-Aug-20,10-Sep-20,3,83.87,,,,,,
Vanesa Taylor,Beginner,Saxophone,22-Jul-20,12-Aug-20,14,80.88,,,,,,
Sanjay Carroll,Intermediate,Trumpet,24-Jan-20,31-Jan-20,3,26.13,,,,,,
Christine Leblanc,Beginner,Piano,02-Jun-20,20-Jun-20,3,25.48,,,,,,
Brenda Kirkpatrick,Intermediate,Clarinet,31-May-20,15-Jun-20,18,60.79,,,,,,
Rita Lyons,Advanced,Violin,02-Aug-20,09-Aug-20,15,113.64,,,,,,
Eliana Norman,Advanced,Flute,28-Feb-20,02-Mar-20,7,115.22,,,,,,
Daniela Contreras,Beginner,Trumpet,09-May-20,27-May-20,11,94.00,,,,,,
Bianka Andersen,Intermediate,Harp,06-Apr-20,09-Apr-20,11,105.99,,,,,,
Makenzie Sykes,Intermediate,Clarinet,02-Sep-20,11-Sep-20,9,33.05,,,,,,
Edwin Buchanan,Beginner,Harp,10-Jun-20,19-Jun-20,14,48.80,,,,,,
Vinnie Mackay,Intermediate,Piano,28-Oct-20,22-Nov-20,11,108.91,,,,,,
Ivy Goldsmith,Beginner,Cello,11-Jun-20,14-Jun-20,25,114.17,,,,,,
Emil Bates,Beginner,Trumpet,21-Jul-20,15-Aug-20,21,75.57,,,,,,
Finn Burrows,Intermediate,Clarinet,06-Jul-20,21-Jul-20,21,68.18,,,,,,
Cairon Watson,Beginner,Violin,19-May-20,26-May-20,14,73.36,,,,,,
Hannah Carrillo,Beginner,Saxophone,17-Jul-20,11-Aug-20,3,51.40,,,,,,
Neve Stevenson,Advanced,Violin,04-Sep-20,22-Sep-20,7,68.21,,,,,,
Leja Gray,Advanced,Flute,08-Mar-20,26-Mar-20,21,54.34,,,,,,
Jean-Luc Powell,Beginner,Trumpet,10-Jun-20,13-Jun-20,7,63.49,,,,,,
Lacie Whelan,Advanced,Drums,06-Oct-20,27-Oct-20,9,105.43,,,,,,
Tiarna Phelps,Intermediate,Saxophone,11-Feb-20,03-Mar-20,14,21.51,,,,,,
Aimie Hogg,Beginner,Cello,22-Oct-20,25-Oct-20,9,69.15,,,,,,
Md Moore,Intermediate,Guitar,04-May-20,25-May-20,18,36.91,,,,,,
Luc Pearce,Advanced,Cello,16-Oct-20,19-Oct-20,9,48.31,,,,,,
Zoey Krueger,Intermediate,Harp,20-Jun-20,01-Jul-20,15,66.57,,,,,,
Momina Knox,Beginner,Flute,14-Jun-20,02-Jul-20,7,54.52,,,,,,
Andrea Tomlinson,Beginner,Piano,07-Oct-20,18-Oct-20,11,89.33,,,,,,
Diego Mcpherson,Beginner,Violin,30-Jul-20,17-Aug-20,18,107.78,,,,,,
Dion Patton,Advanced,Piano,29-Jun-20,02-Jul-20,21,26.11,,,,,,
Mica Mitchell,Intermediate,Trumpet,12-Jun-20,23-Jun-20,15,47.46,,,,,,
Roscoe Cabrera,Beginner,Flute,10-Oct-20,25-Oct-20,28,45.90,,,,,,
Ayana Handley,Advanced,Harp,05-Mar-20,20-Mar-20,15,87.88,,,,,,
Preston Bailey,Advanced,Clarinet,03-Jun-20,14-Jun-20,11,97.47,,,,,,
Ellie-May Klein,Intermediate,Saxophone,10-Jun-20,13-Jun-20,21,47.71,,,,,,
Areeb Welsh,Intermediate,Harp,03-Feb-20,10-Feb-20,18,63.88,,,,,,
Mylee Young,Intermediate,Saxophone,23-Apr-20,18-May-20,18,66.27,,,,,,
Donte Mercado,Beginner,Cello,18-Jan-20,08-Feb-20,21,39.50,,,,,,
Natan Christie,Advanced,Drums,05-Feb-20,23-Feb-20,9,44.73,,,,,,
Gurveer Carver,Intermediate,Trumpet,20-Apr-20,01-May-20,18,56.43,,,,,,
Archer Mclean,Beginner,Saxophone,16-Feb-20,02-Mar-20,25,38.90,,,,,,
Janet Chase,Intermediate,Saxophone,17-Jun-20,02-Jul-20,14,45.02,,,,,,
Arwel Wade,Intermediate,Flute,05-Oct-20,14-Oct-20,15,113.01,,,,,,
Tate Blankenship,Intermediate,Drums,23-Feb-20,19-Mar-20,9,44.15,,,,,,
Shayne Atkins,Advanced,Drums,24-May-20,04-Jun-20,28,31.15,,,,,,
Michael Lynn,Beginner,Guitar,02-Aug-20,27-Aug-20,3,95.57,,,,,,
Leonie Ramsay,Advanced,Violin,16-May-20,23-May-20,28,44.85,,,,,,
Alison Lake,Intermediate,Guitar,31-Mar-20,03-Apr-20,3,27.14,,,,,,
Terri Vang,Advanced,Guitar,30-Jun-20,25-Jul-20,11,71.99,,,,,,
Zaine Pitt,Intermediate,Cello,05-May-20,16-May-20,3,75.26,,,,,,
Tyrique Camacho,Beginner,Trumpet,11-Jan-20,14-Jan-20,11,20.08,,,,,,
Esther Lu,Beginner,Guitar,11-Apr-20,14-Apr-20,18,40.74,,,,,,
Lucien Hamilton,Advanced,Cello,05-Jan-20,12-Jan-20,7,27.31,,,,,,
Amaya Keller,Intermediate,Harp,31-Aug-20,25-Sep-20,28,24.25,,,,,,
Priyanka Beattie,Advanced,Saxophone,14-Feb-20,23-Feb-20,28,72.48,,,,,,
Zac Newman,Intermediate,Clarinet,17-Jun-20,05-Jul-20,14,31.22,,,,,,
Renae Melia,Intermediate,Piano,07-Jul-20,01-Aug-20,18,92.10,,,,,,
Giles Montoya,Advanced,Harp,25-Aug-20,12-Sep-20,11,22.48,,,,,,
Nabil Hagan,Intermediate,Cello,08-Aug-20,02-Sep-20,7,24.59,,,,,,
Enzo Raymond,Beginner,Drums,15-Sep-20,03-Oct-20,3,51.78,,,,,,
Scott Lewis,Beginner,Cello,05-Jun-20,16-Jun-20,3,97.19,,,,,,
Ellie-Mae Walton,Intermediate,Violin,23-Oct-20,30-Oct-20,7,87.76,,,,,,
Yousef Zavala,Beginner,Violin,05-Jun-20,20-Jun-20,3,57.51,,,,,,
Ahyan Bishop,Advanced,Saxophone,11-Aug-20,26-Aug-20,14,59.92,,,,,,
Esme-Rose Esquivel,Intermediate,Drums,11-May-20,22-May-20,9,114.01,,,,,,
Zi Puckett,Intermediate,Drums,05-Apr-20,08-Apr-20,3,45.12,,,,,,
Ursula Estes,Advanced,Clarinet,22-Jun-20,17-Jul-20,3,35.41,,,,,,
Henley Larsen,Intermediate,Trumpet,23-Apr-20,04-May-20,18,40.02,,,,,,
Joely Armstrong,Advanced,Trumpet,17-Feb-20,20-Feb-20,9,51.12,,,,,,
Arwa Blake,Beginner,Saxophone,18-Oct-20,25-Oct-20,25,81.32,,,,,,
Sharna Ventura,Beginner,Guitar,18-Aug-20,05-Sep-20,28,39.07,,,,,,
Alfie-Jay Dennis,Advanced,Guitar,20-Aug-20,23-Aug-20,28,66.74,,,,,,
Safiyyah Barber,Beginner,Clarinet,19-Feb-20,22-Feb-20,21,22.78,,,,,,
Jamil Mcleod,Advanced,Harp,20-Aug-20,23-Aug-20,14,66.85,,,,,,
Jett Maguire,Advanced,Harp,30-Aug-20,10-Sep-20,25,36.84,,,,,,
Aoife Paterson,Intermediate,Cello,22-Apr-20,13-May-20,11,52.68,,,,,,
Charlize Flower,Advanced,Piano,08-Sep-20,15-Sep-20,14,113.67,,,,,,
Alaina Nieves,Intermediate,Flute,24-Jul-20,08-Aug-20,7,77.72,,,,,,
Harlen Hooper,Advanced,Drums,09-Jul-20,30-Jul-20,14,31.49,,,,,,
Tanisha Grimes,Beginner,Clarinet,23-Oct-20,30-Oct-20,15,39.95,,,,,,
Yasser Beil,Advanced,Trumpet,31-Jan-20,09-Feb-20,28,89.44,,,,,,
Tayla Southern,Intermediate,Flute,07-Feb-20,10-Feb-20,25,25.02,,,,,,
Amy Mcloughlin,Advanced,Cello,27-May-20,03-Jun-20,18,75.11,,,,,,
Pippa Clegg,Intermediate,Saxophone,19-Jul-20,06-Aug-20,28,53.42,,,,,,
Leo Truong,Intermediate,Harp,18-Oct-20,02-Nov-20,11,40.56,,,,,,
Dannielle Harrington,Beginner,Flute,19-Apr-20,14-May-20,11,65.60,,,,,,
Areeba Cash,Beginner,Piano,08-May-20,11-May-20,25,25.46,,,,,,
Mikayla Dickens,Intermediate,Trumpet,07-Jul-20,28-Jul-20,3,97.26,,,,,,
Ewen Joseph,Beginner,Guitar,16-Mar-20,25-Mar-20,3,108.15,,,,,,
Gabrielius Huffman,Intermediate,Cello,28-Oct-20,22-Nov-20,25,59.38,,,,,,
Lilly-Grace Salazar,Advanced,Cello,26-Apr-20,21-May-20,11,35.98,,,,,,
Shanon Burt,Advanced,Clarinet,28-Feb-20,20-Mar-20,28,94.32,,,,,,
Shreya Warren,Advanced,Flute,18-Jan-20,27-Jan-20,9,49.86,,,,,,
Manal Goodman,Advanced,Clarinet,09-May-20,30-May-20,3,56.31,,,,,,
Zephaniah Reid,Advanced,Harp,16-Aug-20,25-Aug-20,15,53.44,,,,,,
Evan Hull,Beginner,Drums,25-Jan-20,09-Feb-20,18,57.68,,,,,,
Gurdeep Bull,Beginner,Harp,11-Aug-20,22-Aug-20,7,93.08,,,,,,
Taine Mullins,Advanced,Cello,14-Jan-20,23-Jan-20,28,31.84,,,,,,
Bruno Finney,Beginner,Piano,01-Jul-20,16-Jul-20,25,79.18,,,,,,
Safia Friedman,Advanced,Flute,11-Aug-20,05-Sep-20,25,110.55,,,,,,
Christiana Berg,Intermediate,Violin,22-Sep-20,13-Oct-20,11,20.13,,,,,,
Renesmee Macfarlane,Advanced,Guitar,10-May-20,25-May-20,9,47.29,,,,,,
Kareem Felix,Beginner,Saxophone,10-Aug-20,13-Aug-20,21,106.66,,,,,,
Molly Montgomery,Advanced,Violin,22-Feb-20,11-Mar-20,3,46.22,,,,,,
Ayla Beard,Beginner,Piano,24-May-20,02-Jun-20,21,25.56,,,,,,
Saskia Manning,Intermediate,Flute,06-Mar-20,15-Mar-20,7,57.65,,,,,,
Rosemarie O'Quinn,Beginner,Piano,06-Jul-20,17-Jul-20,9,39.58,,,,,,
Rocky Crouch,Advanced,Piano,02-Aug-20,27-Aug-20,18,108.73,,,,,,
Cem Mckee,Intermediate,Violin,12-Feb-20,15-Feb-20,11,61.71,,,,,,
Danish Wong,Beginner,Saxophone,02-May-20,09-May-20,25,24.10,,,,,,
Jardel Vincent,Intermediate,Drums,25-Apr-20,10-May-20,25,74.34,,,,,,
Catrina Fitzpatrick,Beginner,Violin,26-Sep-20,07-Oct-20,3,67.04,,,,,,
Celine Connolly,Advanced,Clarinet,08-May-20,19-May-20,28,49.59,,,,,,
Rukhsar Wiley,Beginner,Clarinet,29-Aug-20,13-Sep-20,21,103.19,,,,,,
Traci Carney,Beginner,Piano,29-Aug-20,09-Sep-20,11,40.92,,,,,,
Rhea Choi,Intermediate,Clarinet,30-Jun-20,07-Jul-20,21,86.04,,,,,,
Lexie Elliott,Beginner,Drums,03-May-20,06-May-20,28,22.16,,,,,,
Ayra Silva,Beginner,Harp,12-Feb-20,19-Feb-20,9,38.06,,,,,,
Pharrell Bauer,Advanced,Piano,05-Oct-20,30-Oct-20,3,113.07,,,,,,
Ignacy Costa,Beginner,Saxophone,27-Oct-20,21-Nov-20,28,32.39,,,,,,
Anthony Ballard,Intermediate,Clarinet,25-Jul-20,12-Aug-20,11,56.94,,,,,,
Bradley Peralta,Intermediate,Trumpet,28-Sep-20,07-Oct-20,25,54.44,,,,,,
Jeanette Gillespie,Advanced,Saxophone,24-Oct-20,02-Nov-20,11,50.78,,,,,,
Hiba Horn,Beginner,Violin,10-Feb-20,28-Feb-20,3,112.70,,,,,,
Eamonn Greenwood,Advanced,Cello,04-Oct-20,11-Oct-20,25,54.00,,,,,,
Franklyn Moreno,Beginner,Guitar,09-Sep-20,16-Sep-20,21,73.02,,,,,,
Caitlyn Blair,Beginner,Drums,12-Jan-20,06-Feb-20,21,114.47,,,,,,
Isadora Worthington,Beginner,Violin,21-Jun-20,09-Jul-20,11,84.70,,,,,,
Winnie Cross,Intermediate,Clarinet,02-Feb-20,17-Feb-20,11,114.03,,,,,,
Kaycee Dennis,Advanced,Harp,31-Aug-20,21-Sep-20,14,81.90,,,,,,
Rahim Hurley,Advanced,Clarinet,31-May-20,09-Jun-20,11,84.06,,,,,,
Akaash Warner,Intermediate,Flute,26-Aug-20,16-Sep-20,15,31.96,,,,,,
Fatima Hodge,Beginner,Flute,13-Mar-20,28-Mar-20,15,55.28,,,,,,
Bree Reese,Beginner,Cello,20-May-20,10-Jun-20,15,93.24,,,,,,
Carlton Graves,Advanced,Drums,14-Oct-20,21-Oct-20,14,62.45,,,,,,
Kareem Coles,Intermediate,Piano,17-Oct-20,01-Nov-20,21,95.46,,,,,,
Freya Rodgers,Beginner,Harp,10-Jan-20,28-Jan-20,18,84.56,,,,,,
Don Stevenson,Beginner,Flute,04-Jun-20,11-Jun-20,14,118.99,,,,,,
Addie Horner,Advanced,Drums,05-Jul-20,08-Jul-20,7,105.28,,,,,,
Geraldine Waller,Intermediate,Clarinet,12-Jul-20,23-Jul-20,14,93.41,,,,,,
Brodie Wardle,Beginner,Flute,04-Mar-20,22-Mar-20,25,101.63,,,,,,
Montell Pollard,Advanced,Clarinet,15-May-20,26-May-20,3,92.87,,,,,,
Franciszek Tomlinson,Advanced,Piano,28-Mar-20,12-Apr-20,11,31.14,,,,,,
Percy Muir,Beginner,Saxophone,03-Sep-20,24-Sep-20,25,67.47,,,,,,
Miley Cohen,Intermediate,Clarinet,18-Jul-20,21-Jul-20,7,107.76,,,,,,
Raiden Ayala,Advanced,Trumpet,08-Sep-20,03-Oct-20,14,46.38,,,,,,
Ignacy Powers,Beginner,Drums,02-Feb-20,05-Feb-20,28,33.42,,,,,,
Kirandeep Robinson,Intermediate,Piano,14-Jan-20,21-Jan-20,18,53.70,,,,,,
Khadeejah Neale,Advanced,Clarinet,22-May-20,29-May-20,18,95.72,,,,,,
Aalia Vaughan,Beginner,Guitar,17-Aug-20,01-Sep-20,15,86.68,,,,,,
Claude Wilkes,Advanced,Trumpet,13-Feb-20,16-Feb-20,14,58.62,,,,,,
Bethanie Mcleod,Beginner,Saxophone,16-Aug-20,06-Sep-20,3,92.95,,,,,,
Jagoda Cunningham,Beginner,Violin,08-Mar-20,11-Mar-20,21,73.60,,,,,,
Giles Duke,Advanced,Cello,07-Aug-20,18-Aug-20,21,67.09,,,,,,
Romana Willis,Advanced,Piano,27-Jun-20,30-Jun-20,28,87.04,,,,,,
Brenda Swanson,Intermediate,Clarinet,06-Sep-20,21-Sep-20,3,107.63,,,,,,
Ariya Wade,Intermediate,Cello,07-Feb-20,18-Feb-20,14,22.28,,,,,,
Harvir Bauer,Intermediate,Cello,05-Oct-20,14-Oct-20,11,74.65,,,,,,
Tasnim Allman,Beginner,Saxophone,14-May-20,01-Jun-20,25,98.23,,,,,,
Arla Estrada,Intermediate,Violin,04-Aug-20,22-Aug-20,11,33.03,,,,,,
Hayley Ratliff,Advanced,Cello,17-Mar-20,26-Mar-20,18,92.97,,,,,,
Sana Moon,Beginner,Guitar,29-Jul-20,07-Aug-20,28,69.64,,,,,,
Ella-Louise Pennington,Intermediate,Trumpet,02-Feb-20,17-Feb-20,9,81.06,,,,,,
Julie Wiggins,Beginner,Flute,30-Jun-20,15-Jul-20,28,30.50,,,,,,
Ihsan Dougherty,Intermediate,Clarinet,05-Jul-20,23-Jul-20,21,72.46,,,,,,
Zakir Ryder,Beginner,Guitar,10-Mar-20,21-Mar-20,11,24.59,,,,,,
Sid Ridley,Beginner,Drums,22-Aug-20,12-Sep-20,28,38.06,,,,,,
Arfa Buxton,Advanced,Guitar,10-Jan-20,21-Jan-20,21,95.01,,,,,,
Harvie Macdonald,Beginner,Trumpet,01-Jan-20,19-Jan-20,28,115.51,,,,,,
Olivia-Mae Stanley,Beginner,Saxophone,18-Apr-20,06-May-20,25,46.78,,,,,,
Caitlan Curran,Advanced,Trumpet,04-Feb-20,15-Feb-20,3,110.35,,,,,,
Stefano Driscoll,Advanced,Harp,07-Sep-20,18-Sep-20,18,23.20,,,,,,
Suzanna Tate,Advanced,Harp,27-Oct-20,14-Nov-20,11,51.75,,,,,,
Aqsa Wallace,Beginner,Clarinet,19-May-20,28-May-20,7,40.83,,,,,,
Brittany Mackie,Advanced,Drums,26-Jun-20,07-Jul-20,28,23.10,,,,,,
Isaiah Clarke,Intermediate,Saxophone,10-Mar-20,31-Mar-20,14,61.34,,,,,,
Jayden Rutledge,Advanced,Clarinet,21-Feb-20,03-Mar-20,21,90.01,,,,,,
Keeleigh Gaines,Intermediate,Drums,30-Sep-20,11-Oct-20,15,116.90,,,,,,
Jaydon Brandt,Advanced,Guitar,10-May-20,31-May-20,21,102.09,,,,,,
Leila Kearns,Intermediate,Trumpet,29-Sep-20,17-Oct-20,7,28.67,,,,,,
Marina Young,Advanced,Violin,21-Jun-20,16-Jul-20,21,79.06,,,,,,
Zaina Haney,Intermediate,Harp,02-Jun-20,09-Jun-20,9,65.89,,,,,,
Yasmin Hughes,Beginner,Harp,12-Jul-20,21-Jul-20,7,87.45,,,,,,
Kobi Villarreal,Beginner,Trumpet,22-Jan-20,06-Feb-20,21,94.97,,,,,,
Haley Bruce,Beginner,Cello,24-Jul-20,18-Aug-20,7,91.01,,,,,,
Ashley Guerra,Advanced,Saxophone,15-Apr-20,22-Apr-20,18,114.07,,,,,,
Libbie Butler,Advanced,Trumpet,11-Mar-20,26-Mar-20,28,23.55,,,,,,
Boris Keeling,Beginner,Violin,07-May-20,22-May-20,25,95.38,,,,,,
Christiana Conley,Beginner,Flute,11-Aug-20,05-Sep-20,9,55.48,,,,,,
Chance Brock,Beginner,Violin,26-Aug-20,02-Sep-20,28,84.47,,,,,,
Nadeem Small,Beginner,Violin,28-Jun-20,01-Jul-20,28,89.42,,,,,,
Dominika George,Advanced,Piano,12-Jul-20,15-Jul-20,11,37.43,,,,,,
Jadine Armstrong,Intermediate,Drums,26-Oct-20,06-Nov-20,3,108.85,,,,,,
Aairah Benton,Advanced,Cello,07-Mar-20,22-Mar-20,9,119.01,,,,,,
Jason Herrera,Advanced,Violin,30-May-20,10-Jun-20,28,51.61,,,,,,
Matthias Frederick,Intermediate,Clarinet,13-Jul-20,16-Jul-20,3,86.03,,,,,,
Danielle Travers,Beginner,Piano,05-Jul-20,08-Jul-20,3,67.47,,,,,,
Kayla Key,Intermediate,Violin,28-Mar-20,08-Apr-20,9,111.63,,,,,,
Katelyn Mcloughlin,Intermediate,Violin,12-Mar-20,02-Apr-20,7,97.49,,,,,,
Luciana Rose,Beginner,Flute,21-Feb-20,07-Mar-20,14,24.58,,,,,,
Dennis Ventura,Advanced,Violin,13-Jan-20,24-Jan-20,15,97.74,,,,,,
Rhydian Bostock,Advanced,Saxophone,13-May-20,03-Jun-20,11,51.60,,,,,,
Ralph Crossley,Beginner,Piano,31-Jul-20,09-Aug-20,25,24.60,,,,,,
Billy Vega,Beginner,Cello,12-Feb-20,21-Feb-20,21,78.96,,,,,,
Farhaan Dixon,Beginner,Trumpet,14-Oct-20,29-Oct-20,9,28.00,,,,,,
Naomi Rivas,Intermediate,Drums,13-Jun-20,16-Jun-20,9,70.98,,,,,,
Tiffany Huerta,Intermediate,Guitar,02-Sep-20,27-Sep-20,25,54.28,,,,,,
Lillie Contreras,Intermediate,Drums,06-Jul-20,27-Jul-20,25,112.60,,,,,,
Anil Davila,Intermediate,Violin,21-Aug-20,05-Sep-20,18,24.94,,,,,,
Blossom Collier,Beginner,Flute,01-Apr-20,10-Apr-20,15,42.80,,,,,,
Tyron Maxwell,Intermediate,Trumpet,27-Aug-20,21-Sep-20,25,111.10,,,,,,
Deborah Dejesus,Advanced,Violin,23-Feb-20,19-Mar-20,14,99.56,,,,,,
Olli Delacruz,Intermediate,Flute,03-Sep-20,28-Sep-20,18,31.75,,,,,,
Patrycja Boyle,Beginner,Harp,26-Jan-20,29-Jan-20,14,52.29,,,,,,
Katarina Meadows,Intermediate,Saxophone,27-Sep-20,04-Oct-20,14,94.63,,,,,,
Melina Hamilton,Advanced,Violin,16-Mar-20,06-Apr-20,18,84.02,,,,,,
Zeynep Dunne,Intermediate,Clarinet,14-Mar-20,23-Mar-20,25,33.12,,,,,,
Vikki Mckinney,Intermediate,Drums,23-Jan-20,13-Feb-20,9,79.35,,,,,,
Mallory Walsh,Beginner,Piano,28-Jan-20,18-Feb-20,21,113.16,,,,,,
Daanyaal Gregory,Beginner,Piano,21-Oct-20,28-Oct-20,21,101.93,,,,,,
