Uzma Mccallum,Yes,42388859890487,No,No,,,,,,
Lexi-Mai Joyce,Yes,42770346607270,No,No,,,,,,
Tahmid Wynn,No,42884509947062,No,No,,,,,,
Sohail Lopez,Yes,40577014942013,No,No,,,,,,
Aneurin Hancock,No,42935455141925,Yes,No,,,,,,
Manpreet Costa,Yes,40532558319165,No,Yes,,,,,,
Quentin Dunlap,No,42094963508041,Yes,No,,,,,,
Keaton Harrison,No,43330032333651,No,Yes,,,,,,
Arnav Gilliam,Yes,43633333945172,No,No,,,,,,
Ruairi Chamberlain,No,41600984760337,No,No,,,,,,
Robyn Richard,No,43967247290194,No,Yes,,,,,,
Sanna Trejo,No,44578506054889,Yes,Yes,,,,,,
Marcia Clegg,Yes,42015318962841,No,No,,,,,,
Millie Summers,No,42306087649697,No,No,,,,,,
Tiana Gonzales,Yes,43943789829414,Yes,Yes,,,,,,
Leigha Hough,No,42712408323926,No,No,,,,,,Yes
Brandi Legge,Yes,43637009891370,Yes,Yes,,,,,,No
Rhydian Adams,No,40080088683385,Yes,No,,,,,,
Carmen Kaur,No,42740531022701,Yes,Yes,,,,,,
Shayla Rankin,Yes,43524853449702,Yes,No,,,,,,
Rima Steadman,No,42805446488180,No,No,,,,,,
Tori Landry,Yes,40231405025321,No,No,,,,,,
Husnain Glover,No,41275602940544,Yes,No,,,,,,
Kris Porter,Yes,42454414903727,Yes,Yes,,,,,,
Maryam Robson,Yes,41237782987658,Yes,Yes,,,,,,
Jake Easton,Yes,40532098675223,No,No,,,,,,
Haiden Christensen,Yes,41399525617487,No,Yes,,,,,,
Jonah Medrano,No,43071696947115,Yes,No,,,,,,
Malik Whittington,No,42016147363010,No,Yes,,,,,,
Heath Huerta,Yes,43947753712905,No,No,,,,,,
Ceri Houghton,Yes,41220779218510,No,No,,,,,,
Andreas Benson,Yes,40201854382246,No,Yes,,,,,,
Connar Combs,No,41799004638280,Yes,Yes,,,,,,
Junior Meza,Yes,43868242944781,Yes,Yes,,,,,,
Diane Curtis,No,42705236173778,No,Yes,,,,,,
Piper Couch,No,40747650576713,Yes,No,,,,,,
Tabatha Gray,Yes,42812107416668,No,No,,,,,,
Ammara Ingram,Yes,42858633671764,Yes,No,,,,,,
Clayton Wolf,Yes,42419172920717,No,No,,,,,,
Nabeel Tran,Yes,42259389529688,Yes,No,,,,,,
Kornelia Holcomb,No,40675257351736,Yes,No,,,,,,
Shaunna Hoover,Yes,43621986266453,Yes,No,,,,,,
Ray Emerson,No,40260634035935,Yes,Yes,,,,,,
Lucy Humphrey,No,41455461372341,Yes,Yes,,,,,,
Samira Franklin,No,40417337137679,Yes,Yes,,,,,,
Ashton Stafford,Yes,43884298892257,Yes,Yes,,,,,,
Enid Clayton,No,41507223528279,Yes,No,,,,,,
Mahnoor Guzman,Yes,44670511689068,Yes,Yes,,,,,,
Anjali Mccullough,No,44991193092516,Yes,No,,,,,,
Delores O'Connor,Yes,40104033497245,Yes,No,,,,,,
Brittney Rocha,Yes,40156771926446,No,No,,,,,,
Nasir Cowan,No,41353259878085,Yes,Yes,,,,,,
Barbara Schneider,Yes,40831672116882,No,No,,,,,,
Sameeha Lucero,Yes,43391121816929,No,Yes,,,,,,
Autumn Preece,Yes,44197127399301,No,Yes,,,,,,
Eira Rush,No,44055756212096,Yes,No,,,,,,
Talha Clarkson,Yes,44504675640342,Yes,Yes,,,,,,
Lillie-Mae Ball,No,44696838089135,Yes,Yes,,,,,,
Renesmae Bender,Yes,42123898789179,No,No,,,,,,
Joan Beltran,No,44265085446157,No,No,,,,,,
Hana Hollis,No,40613497959003,Yes,No,,,,,,
Leanne Estes,Yes,40882740376856,No,Yes,,,,,,
Umaiza Bridges,No,40136751129649,Yes,Yes,,,,,,
Maia Peters,No,42546082443558,Yes,No,,,,,,
Aria Wise,No,43272314632160,Yes,Yes,,,,,,
Tyreece Pruitt,No,40876047374150,Yes,No,,,,,,
Inaya Branch,Yes,42924513472048,Yes,No,,,,,,
Griffin Andrew,No,44971788924863,Yes,Yes,,,,,,
Lorena Chang,Yes,44089029045068,No,Yes,,,,,,
Jameel Gay,No,43250646408198,No,No,,,,,,
Joss England,Yes,40183854396479,Yes,Yes,,,,,,
Hanifa Martin,Yes,42369188251290,No,No,,,,,,
Bert Patel,Yes,42677414618179,No,Yes,,,,,,
Roxie Whitaker,Yes,40111968569468,No,Yes,,,,,,
Irving West,Yes,41330914842251,No,Yes,,,,,,
Kevin Ramirez,Yes,40644224830555,Yes,No,,,,,,
Mateo Whelan,No,41540496191144,Yes,No,,,,,,
Stephanie Ritter,Yes,43591294305317,No,Yes,,,,,,
Jordanne Vega,No,41322316237290,No,No,,,,,,
Jaxx Munro,No,40234900180505,Yes,No,,,,,,
Nadeem Palacios,Yes,40041686698906,Yes,Yes,,,,,,
Bo Bowers,No,41248927691175,No,Yes,,,,,,
Alexander Akhtar,No,44536492563122,No,Yes,,,,,,
Myles Francis,No,42132335352317,No,Yes,,,,,,
Mahir Healy,Yes,44671581705407,No,No,,,,,,
Izaak Ramos,Yes,42706934068607,No,Yes,,,,,,
Bluebell Sheppard,No,43784619009150,Yes,No,,,,,,
Summer-Rose Reader,No,41497459726823,Yes,Yes,,,,,,
Maeve Appleton,Yes,40488709913897,No,No,,,,,,
Alix Espinosa,No,41294557934352,No,No,,,,,,
Hunter Flowers,Yes,40713240031180,No,No,,,,,,
Jaheim Whittle,No,42110947935509,No,No,,,,,,
Myah Whitney,No,43678940015356,No,Yes,,,,,,
Hashir Collier,Yes,41133049432509,Yes,Yes,,,,,,
Armani Colon,No,42810850240866,No,Yes,,,,,,
Zaki Cantu,Yes,40514896275403,No,Yes,,,,,,
Olivier Boyd,No,40310367908277,Yes,No,,,,,,
Rabia Hatfield,No,41566426147758,Yes,No,,,,,,
Alysia Hall,No,43316935941197,Yes,No,,,,,,
Eddie Kearney,No,40243901917408,No,Yes,,,,,,
Ian O'Neill,No,43014184194804,Yes,No,,,,,,
Syeda Mullen,No,41306051134737,No,Yes,,,,,,
Reid Oliver,Yes,41449957191689,No,Yes,,,,,,
Jasmin Cowan,No,40450634637928,No,No,,,,,,
Marwah Mclean,Yes,44803146402190,No,Yes,,,,,,
Jace Booker,Yes,43717684307864,No,No,,,,,,
Rosalie Rodgers,Yes,43386120563174,No,No,,,,,,
Elias Sheehan,Yes,42007309562413,No,No,,,,,,
Diego Macias,Yes,43090866043453,Yes,Yes,,,,,,
Fynley Wickens,Yes,42069364668567,Yes,Yes,,,,,,
Beau Fleming,Yes,40960812313054,Yes,Yes,,,,,,
Jareth Middleton,Yes,44727501709107,Yes,No,,,,,,
Franco Dillon,No,40068572026191,Yes,Yes,,,,,,
Khaleesi Lambert,Yes,40977827712462,No,No,,,,,,
Acacia Moreno,No,40999071805791,No,No,,,,,,
Scarlett Mcloughlin,Yes,44727300486834,No,No,,,,,,
Dillan Horton,Yes,40157932989809,Yes,No,,,,,,
Wojciech Woodward,Yes,43865809498677,Yes,No,,,,,,
Shania Soto,Yes,44892489278386,Yes,No,,,,,,
Amari Horne,Yes,43513619540346,No,Yes,,,,,,
Scarlette Acevedo,No,42137538924100,Yes,Yes,,,,,,
Julius Oneil,Yes,43493813914004,Yes,No,,,,,,
Luke Strong,No,44572830831350,Yes,No,,,,,,
Daisie Carr,No,44185252034106,No,Yes,,,,,,
Tulisa Rowe,No,42488245536690,No,Yes,,,,,,
Scarlet Love,Yes,42780279436845,Yes,Yes,,,,,,
Ted Zhang,No,44568026063217,No,No,,,,,,
Shantelle Goddard,Yes,40856174065724,No,No,,,,,,
Humayra Lees,Yes,43153122926069,No,No,,,,,,
Yasmin Keller,No,41243935586505,Yes,Yes,,,,,,
Kennedy Hanna,Yes,40100088912317,Yes,Yes,,,,,,
Eman Douglas,Yes,42834050814789,Yes,No,,,,,,
Nikolas Maddox,No,44663561758817,Yes,No,,,,,,
Marion Talbot,No,42981564107280,Yes,Yes,,,,,,
Evie-May Stuart,No,40383198977118,No,No,,,,,,
Roseanna Sparrow,Yes,44818572570865,No,Yes,,,,,,
Sahra Bloggs,Yes,40951384136362,No,Yes,,,,,,
Divine England,Yes,41845996927694,No,No,,,,,,
Isabel Peacock,Yes,44099041021023,No,Yes,,,,,,
Pia Hayes,Yes,40433762349909,No,Yes,,,,,,
Deacon Tapia,No,42075335481451,Yes,Yes,,,,,,
Wilfred Rosario,No,43517360340105,No,No,,,,,,
Zayna Delarosa,Yes,41179544382256,No,Yes,,,,,,
Jennie Adkins,No,42638067634538,Yes,No,,,,,,
Roxie Doherty,No,40252059333835,No,Yes,,,,,,
Willie Morse,Yes,42837532440455,Yes,No,,,,,,
Lyla Webster,Yes,42081543479586,Yes,No,,,,,,
Nakita Ramirez,No,41057125584865,Yes,Yes,,,,,,
Anisa Gardiner,Yes,44860102268119,Yes,No,,,,,,
Barnaby Gunn,Yes,40743284081288,No,Yes,,,,,,
Tracy Dodd,No,40412697641267,No,Yes,,,,,,
Maddox Ochoa,Yes,40828808809193,No,No,,,,,,
Sahib Meyers,No,44298335609106,Yes,No,,,,,,
Annalise Garner,Yes,43539221920674,Yes,No,,,,,,
Kimberly Dunne,No,41975664126145,Yes,No,,,,,,
Tre Rodrigues,Yes,43653979041616,Yes,Yes,,,,,,
Borys Hill,Yes,43440450174147,Yes,No,,,,,,
Ryder Gentry,No,40238843828190,No,No,,,,,,
Matthias Doyle,No,42733161513966,Yes,Yes,,,,,,
Talha Colon,Yes,40676956053065,Yes,Yes,,,,,,
Drew Graham,No,41180039104731,Yes,No,,,,,,
Nafeesa Milner,Yes,40529041277061,Yes,Yes,,,,,,
Lily Gallegos,No,42067466195032,No,No,,,,,,
Aamna Hagan,No,42024592163243,Yes,Yes,,,,,,
Lola-Mae Clarkson,Yes,43119223579490,No,No,,,,,,
Yasin Mccaffrey,Yes,42445562614854,Yes,Yes,,,,,,
Alexandru Whittington,No,41035410576292,Yes,Yes,,,,,,
Jerry Campbell,No,40474146607120,Yes,Yes,,,,,,
Kaylem Simons,Yes,42808192259101,No,Yes,,,,,,
Jaya Bender,No,40339587270375,Yes,No,,,,,,
Theia Guevara,Yes,43169493563223,Yes,No,,,,,,
Giselle Harrell,Yes,42659143874468,Yes,No,,,,,,
Isla-Rae Needham,No,40326364504304,Yes,Yes,,,,,,
Nico Bernal,Yes,40803453590041,Yes,Yes,,,,,,
Che Hogg,No,42249187528143,Yes,Yes,,,,,,
Sion Rigby,Yes,41952631027922,No,Yes,,,,,,
Laiba Bonner,No,41340020962440,Yes,No,,,,,,
Abdulahi Ryan,Yes,42921866044133,Yes,Yes,,,,,,
Chace Peck,Yes,42543088973748,Yes,No,,,,,,
Elisabeth Wooten,Yes,42813893426486,No,No,,,,,,
Mariyam Fellows,No,40299900135153,Yes,No,,,,,,
Eddie Gough,Yes,42671848347460,Yes,Yes,,,,,,
Dawood Turner,Yes,40479469121965,Yes,Yes,,,,,,
Elana Corona,Yes,42439041573741,No,Yes,,,,,,
Bartosz Brandt,Yes,44032276149194,Yes,No,,,,,,
Nial O'Gallagher,Yes,42584701348902,Yes,No,,,,,,
Kayan Tyler,No,40476066577500,Yes,No,,,,,,
Rizwan Mendoza,No,44415403651033,No,Yes,,,,,,
Zander Hoffman,Yes,42645277595456,Yes,Yes,,,,,,
Jac Knight,Yes,43614796518171,Yes,No,,,,,,
Danyal Callaghan,No,42301072904681,Yes,Yes,,,,,,
Vivienne Shea,No,40920112015772,No,Yes,,,,,,
Saeed Traynor,Yes,42683190073599,No,Yes,,,,,,
Neave Hodgson,No,40574140217885,No,No,,,,,,
Wil Goff,No,40880282624045,Yes,No,,,,,,
Ruqayyah Rodriguez,No,44131782540167,No,Yes,,,,,,
Lamar Chandler,No,41122766555255,Yes,No,,,,,,
Danielius Bourne,Yes,43590206962466,Yes,Yes,,,,,,
Macaulay Roy,Yes,40642779228090,Yes,Yes,,,,,,
Jimi Fountain,No,44714323412938,No,No,,,,,,
Charity Hutton,No,43261403724072,Yes,No,,,,,,
Latisha Lane,Yes,40742320249512,No,No,,,,,,
Chantelle Hernandez,No,41957331777637,Yes,Yes,,,,,,
Gabija Hensley,Yes,43010713608331,Yes,Yes,,,,,,
Harpreet Mclean,No,40676192590226,No,Yes,,,,,,
Finlay Herring,No,40369966349615,No,No,,,,,,
Mina Haynes,No,40125999923087,No,No,,,,,,
Katelyn Bailey,Yes,41216195549163,No,No,,,,,,
Jenny Klein,Yes,43099252167326,No,No,,,,,,
Connagh Milner,Yes,40581145570574,No,No,,,,,,
Zayden Mcmillan,No,41903510073912,No,Yes,,,,,,
Aishah Jenkins,Yes,42793816691331,Yes,Yes,,,,,,
Coral Doherty,No,42547046249200,No,No,,,,,,
Jimmie Cobb,No,43467430886031,No,No,,,,,,
Monique Mcbride,No,41831520343013,Yes,No,,,,,,
Rhea Hudson,Yes,42697062960200,No,Yes,,,,,,
Lucia Underwood,Yes,42703097867848,Yes,Yes,,,,,,
Sidney Wynn,Yes,42359273687722,Yes,No,,,,,,
Libbie Person,Yes,41911579203971,Yes,Yes,,,,,,
Cali Talbot,No,41300490209569,No,Yes,,,,,,
Gracie-Leigh Whyte,Yes,41858578506153,No,No,,,,,,
Lennon Fleming,No,44511884510860,Yes,Yes,,,,,,
Rheanna Cullen,No,44961352148691,No,Yes,,,,,,
Manal Shields,Yes,43619773542707,Yes,Yes,,,,,,
Laiba Webster,No,40502125763264,Yes,Yes,,,,,,
Blade Dixon,Yes,44723890520386,No,No,,,,,,
Patience Kelly,Yes,42583890603857,No,Yes,,,,,,
Aj Blaese,No,40999664388574,Yes,No,,,,,,
Darren Pineda,No,43195273565183,No,Yes,,,,,,
Viaan Mclellan,No,41707069478226,No,No,,,,,,
Kyan Adams,Yes,40699120934164,Yes,Yes,,,,,,
Sultan Wiggins,Yes,43177151448457,Yes,Yes,,,,,,
Aronas Blanchard,No,44036863119876,No,No,,,,,,
Vladimir Compton,No,40886862661720,No,Yes,,,,,,
Cairon Rowley,No,41196386044812,Yes,No,,,,,,
Zofia Ashton,No,42827155119255,Yes,Yes,,,,,,
Harvir Begum,Yes,43457805944311,Yes,No,,,,,,
Dillon Nicholls,No,43123578767631,Yes,No,,,,,,
Breanna Molina,No,44728099929478,No,Yes,,,,,,
Esme-Rose Medrano,Yes,44266112233994,Yes,No,,,,,,
Fabien Goldsmith,No,40256532901111,No,Yes,,,,,,
Summer-Rose Palacios,No,43812504917088,Yes,Yes,,,,,,
Fannie Mohamed,No,41565917843918,Yes,No,,,,,,
Milo Bostock,No,42636259264974,No,No,,,,,,
Silas Holt,No,41293398150553,Yes,Yes,,,,,,
Willard Tang,Yes,44532100525113,Yes,No,,,,,,
Zakaria Brock,Yes,43106808691471,No,No,,,,,,
Derrick Carson,Yes,44209373089350,No,Yes,,,,,,
Nikola Good,No,41367516412203,Yes,No,,,,,,
Caiden Calhoun,No,44281536704910,No,Yes,,,,,,
Umaiza Jimenez,Yes,44242470671764,No,Yes,,,,,,
Malik Grey,Yes,41784432959373,Yes,Yes,,,,,,
Ehsan Blankenship,No,41002976720552,No,Yes,,,,,,
Daria Knight,No,42950480968585,Yes,No,,,,,,
Arabella Woodley,Yes,43188000728685,No,No,,,,,,
Wilson Dorsey,Yes,44878707245007,No,No,,,,,,
Emrys Akhtar,No,41196168955184,No,Yes,,,,,,
Adelle Rennie,No,43749682982559,No,No,,,,,,
Paolo Mooney,Yes,41984297985337,Yes,No,,,,,,
Bogdan Mcdermott,Yes,44209588654309,No,No,,,,,,
Giovanni Drake,No,40729084407566,No,Yes,,,,,,
Anthony Whitaker,Yes,40912638457693,Yes,No,,,,,,
Connor Kirk,No,40706689263613,Yes,No,,,,,,
Montana Singh,No,44179756365928,Yes,No,,,,,,
Sinead Mckee,No,42412886741198,Yes,No,,,,,,
Kevin Chapman,No,40275245148756,No,No,,,,,,
Faizah Phillips,Yes,44508657017772,Yes,Yes,,,,,,
Jayden-James Carey,No,40480313704702,No,No,,,,,,
Lleyton Healy,No,43148079801546,Yes,Yes,,,,,,
Ruby-May Betts,No,44497753558239,Yes,No,,,,,,
Catrina Burnett,Yes,44120335112023,Yes,No,,,,,,
Rianna Fellows,No,42420765027986,No,No,,,,,,
Rhys Schmitt,No,41241564927601,Yes,Yes,,,,,,
Jai Murray,Yes,44663570735621,No,No,,,,,,
Johnathon Rocha,No,43906081025010,Yes,No,,,,,,
Arian Edwards,No,41734625888751,Yes,No,,,,,,
Kendrick Harrington,Yes,41629895542889,No,No,,,,,,
Hermione Ray,Yes,40660503051680,No,Yes,,,,,,
Saad O'Sullivan,Yes,44512627491773,No,No,,,,,,
Chay Nixon,Yes,44803101482694,Yes,No,,,,,,
Alison Vickers,Yes,42822925913452,Yes,No,,,,,,
Anita Ferreira,No,42392968595373,Yes,No,,,,,,
Eisa Portillo,No,42530999274171,No,No,,,,,,
Isha Hunter,Yes,43292337891458,No,No,,,,,,
Orla Fields,Yes,40919952178221,Yes,Yes,,,,,,
Joan Sumner,Yes,44576058485289,No,No,,,,,,
Aadil Cote,Yes,44236995397723,Yes,Yes,,,,,,
Nadir Allan,Yes,42243524558891,Yes,Yes,,,,,,
Menna Jackson,No,44670606289018,No,No,,,,,,
Codey Schofield,Yes,42155419660735,Yes,No,,,,,,
Amanpreet O'Quinn,No,43632177191248,Yes,No,,,,,,
Mahima Ali,No,42055034419980,Yes,Yes,,,,,,
Mikael Bains,Yes,44419238649950,Yes,No,,,,,,
Griffin Ball,No,40861858764542,No,Yes,,,,,,
Eilidh Landry,Yes,42764010196141,Yes,No,,,,,,
Jethro Ward,Yes,40097485664568,Yes,No,,,,,,
Krish Duarte,Yes,41483458946887,No,No,,,,,,
Shona May,No,41119378980497,No,Yes,,,,,,
Taryn Reyes,Yes,42125039221570,Yes,No,,,,,,
Evie-May Maldonado,No,44135549346504,Yes,Yes,,,,,,
William Bean,No,44763989530954,Yes,No,,,,,,
Reuben Bautista,Yes,44437534812000,No,Yes,,,,,,
Hester Montes,Yes,43100261296874,No,Yes,,,,,,
Jawad Oneal,Yes,41334650446881,No,Yes,,,,,,
Charlie Sherman,No,42003369681365,No,Yes,,,,,,
Marvin Oakley,Yes,42894202931909,Yes,Yes,,,,,,
Safiyyah Campos,Yes,40882973202324,No,No,,,,,,
Simeon Sparrow,No,44488532896842,Yes,No,,,,,,
Sophia Delaney,Yes,41922501749443,No,Yes,,,,,,
Hussein Curran,No,40602035385404,Yes,No,,,,,,
Abdul Cohen,No,44902262852764,No,Yes,,,,,,
Tia Stacey,No,44991029090632,No,Yes,,,,,,
Nada Wilkins,Yes,41102212781015,No,No,,,,,,
Alfred Wise,No,43501629894290,Yes,No,,,,,,
Darragh Gross,Yes,43738389613971,No,No,,,,,,
Allana Slater,No,41136726379812,Yes,No,,,,,,
Keziah Haworth,No,42763168424402,No,No,,,,,,
Mert Mansell,Yes,42770347903049,No,Yes,,,,,,
Shakil Hebert,No,44019686676540,No,No,,,,,,
Luisa Rowley,Yes,42537994092926,Yes,No,,,,,,
Aleena Spooner,No,44504484316047,Yes,No,,,,,,
Grant Dupont,Yes,41615159563186,Yes,Yes,,,,,,
Florence Bonilla,No,44155760909885,No,Yes,,,,,,
Codey Benjamin,Yes,41513301003692,No,No,,,,,,
Husna Hunt,No,41883591327702,Yes,Yes,,,,,,
Matias Tran,No,44006398059088,Yes,No,,,,,,
Myrtle Carver,Yes,41953579881674,No,No,,,,,,
Heena Serrano,No,40580411546673,Yes,Yes,,,,,,
Finlay Marquez,No,43032319887485,Yes,Yes,,,,,,
Jak Swan,No,43864510373886,Yes,No,,,,,,
Zunairah Mooney,Yes,40761428616814,No,Yes,,,,,,
Vivian Morales,Yes,44335494248035,Yes,No,,,,,,
Iosif Massey,No,43396138375888,No,No,,,,,,
Annabelle Rivera,Yes,42465938233173,Yes,Yes,,,,,,
Milly Wolf,No,41032003956224,No,No,,,,,,
Nyla Acosta,No,43586802629966,Yes,Yes,,,,,,
Husnain Ramsey,Yes,43092534833782,No,Yes,,,,,,
Zac Grey,Yes,40519659225022,Yes,No,,,,,,
Thiago Lyons,No,41117797774151,Yes,Yes,,,,,,
Charleigh Fuentes,Yes,40283366605750,No,No,,,,,,
Gary Barry,No,41564290518858,No,No,,,,,,
Milana Kirk,Yes,42785770680413,No,No,,,,,,
Reon Bonner,Yes,44117647267446,No,No,,,,,,
Acacia Mcdonnell,No,41761866798820,No,Yes,,,,,,
Raife Prentice,No,41111760566713,Yes,No,,,,,,
Cem Brett,No,43913284950452,No,Yes,,,,,,
Mohamed Christian,Yes,42140885712937,No,Yes,,,,,,
Francisco Collins,Yes,42083186929399,Yes,Yes,,,,,,
Jibril Castro,No,43399300606052,No,No,,,,,,
Billie Gilbert,Yes,43567041924612,Yes,Yes,,,,,,
Sebastian Fisher,Yes,41464480243700,No,Yes,,,,,,
Ella-Mai Johnson,Yes,43644564470457,Yes,Yes,,,,,,
Eugene Mcguire,Yes,40185994341811,No,Yes,,,,,,
Tamara Michael,Yes,41009818645715,Yes,Yes,,,,,,
Christy Callahan,Yes,43346548074529,Yes,Yes,,,,,,
Saniya Cobb,No,40100010050062,No,No,,,,,,
Esme Lacey,No,42977982654646,Yes,Yes,,,,,,
Humzah Mathews,No,40614292796825,Yes,No,,,,,,
Ewan Kendall,Yes,42672384871011,Yes,No,,,,,,
Samiya Weir,No,42385712958429,Yes,Yes,,,,,,
Leoni Cano,No,41002081164728,Yes,No,,,,,,
Alessandro Griffith,Yes,40142688039762,No,No,,,,,,
Jaheim Finnegan,No,41527225762737,No,Yes,,,,,,
Diesel Rhodes,Yes,40244529929066,No,No,,,,,,
Solomon Barton,No,40429969821470,No,No,,,,,,
Shanaya Valdez,Yes,42330384700508,No,Yes,,,,,,
Davina Lam,Yes,44811334835432,No,Yes,,,,,,
Bushra Cross,No,40357768176099,No,No,,,,,,
Phebe Rees,No,44376752369511,Yes,Yes,,,,,,
Dainton Petersen,No,44532603411252,Yes,No,,,,,,
Matteo Jeffery,Yes,43795544505536,No,No,,,,,,
Tomas Huerta,No,41852878012665,No,Yes,,,,,,
Clarke May,No,41864631452785,No,Yes,,,,,,
Gurdeep Tomlinson,Yes,43285592199068,Yes,No,,,,,,
Alec Thompson,Yes,43869675777632,Yes,Yes,,,,,,
Sidra Kent,Yes,41211890103543,No,No,,,,,,
Iestyn Silva,Yes,42537114195232,Yes,Yes,,,,,,
Huzaifah Kaye,Yes,41798485448210,Yes,No,,,,,,
Mahi Henry,Yes,44017688132394,Yes,No,,,,,,
Corban Terrell,No,41561945493497,Yes,Yes,,,,,,
Romy Reeves,Yes,44654025120861,Yes,Yes,,,,,,
Kamila Avila,No,41213385440364,Yes,No,,,,,,
Melisa Preece,Yes,41738251337163,No,No,,,,,,
Eve Franks,Yes,43220829397387,Yes,Yes,,,,,,
Hope Crawford,Yes,41300341848160,Yes,No,,,,,,
Aliya Mcdowell,Yes,40123711321572,No,Yes,,,,,,
Enzo Hurst,No,44877551619959,No,No,,,,,,
Barbara Whitfield,Yes,40414773893811,Yes,Yes,,,,,,
Luc Griffin,Yes,44227840073771,No,No,,,,,,
Louis Parsons,Yes,42622130498174,No,No,,,,,,
Sabiha Povey,No,41792745286061,No,Yes,,,,,,
Derek Hackett,No,40263083770918,Yes,No,,,,,,
Ayla Esquivel,Yes,41958932030294,Yes,Yes,,,,,,
Parker Pratt,Yes,44934852971633,Yes,Yes,,,,,,
Courtnie Keeling,No,43389920329528,No,Yes,,,,,,
Rico Clay,Yes,40539145196776,No,Yes,,,,,,
Jannat Pham,No,40234600494911,No,No,,,,,,
Dawud Hartman,Yes,43497611653566,No,No,,,,,,
Saif Talley,Yes,40811273836086,Yes,Yes,,,,,,
Raheel Singleton,No,42044021684521,Yes,Yes,,,,,,
Kie Cummings,No,40972145531438,No,Yes,,,,,,
Chester Healy,No,40697690196527,No,No,,,,,,
Carly Galloway,No,43164493399452,No,Yes,,,,,,
Santiago Gunn,Yes,40407269220068,No,No,,,,,,
Weronika Landry,Yes,43950939416284,Yes,Yes,,,,,,
Kye Churchill,No,43665238826210,No,Yes,,,,,,
Daanyal Stokes,Yes,41978218808673,No,Yes,,,,,,
Preston Wharton,No,44532772055461,Yes,No,,,,,,
Piper Preston,Yes,43791470000741,Yes,Yes,,,,,,
Faizah East,No,40726676163351,No,No,,,,,,
Eleri Easton,Yes,43782392330275,Yes,No,,,,,,
Dorothy Hunt,No,42371486433914,Yes,Yes,,,,,,
Maheen Worthington,Yes,43966453730229,Yes,Yes,,,,,,
Kyron Hume,Yes,43556556645898,No,No,,,,,,
Blanka Glover,Yes,40340038093128,Yes,No,,,,,,
Poppie Macdonald,Yes,40681016947839,Yes,No,,,,,,
Rosa Meza,No,43944397447564,No,Yes,,,,,,
Virgil Bostock,No,43228319866921,No,Yes,,,,,,
Yvette Mckenna,No,42379077604637,Yes,No,,,,,,
Hashir Kennedy,No,41232035743971,Yes,No,,,,,,
Jevan Greer,Yes,40335108838741,Yes,Yes,,,,,,
Penelope Rojas,No,40276944783887,Yes,Yes,,,,,,
Sadia Ryan,Yes,44409055440137,No,Yes,,,,,,
Rudra Crowther,No,42288690536738,No,Yes,,,,,,
Osian Washington,No,44497753558239,Yes,Yes,,,,,,
Alissia Draper,Yes,40020325280915,Yes,Yes,,,,,,
Acacia Woodcock,No,44447446211280,Yes,Yes,,,,,,
Aneeka Tucker,Yes,44147888665851,Yes,Yes,,,,,,
Duncan Eastwood,Yes,41102762101514,Yes,Yes,,,,,,
Felicia Ireland,No,41652587157940,No,No,,,,,,
Daphne Alexander,No,44584766572767,Yes,Yes,,,,,,
Willa Kaur,Yes,43278355730324,Yes,No,,,,,,
Willie Grey,Yes,41048411546550,Yes,No,,,,,,
Sumayya Francis,Yes,44985510595269,Yes,Yes,,,,,,
Aqib Findlay,No,43386780452118,Yes,No,,,,,,
Lucian Steele,No,44368295052207,No,No,,,,,,
Stacie Medrano,Yes,41485075417245,Yes,No,,,,,,
Ruairi Sherman,No,42768739272225,No,No,,,,,,
Nafisa Parks,No,41859898998054,No,Yes,,,,,,
Brandan Silva,No,44146957538508,No,Yes,,,,,,
Jamaal Oconnor,No,41181904618924,Yes,Yes,,,,,,
Simra Maynard,No,44762362331498,Yes,Yes,,,,,,
Makenzie Hicks,Yes,42565406082109,Yes,Yes,,,,,,
Kourtney Hewitt,Yes,41549651053150,No,Yes,,,,,,
Kealan Cano,Yes,44915423119815,Yes,Yes,,,,,,
Zoey Lu,Yes,40571833816586,Yes,Yes,,,,,,
Mindy Rankin,Yes,43155904432981,Yes,No,,,,,,
Ryder Adamson,Yes,42972742224282,No,No,,,,,,
Mujtaba Mcfarland,No,43897587946477,No,Yes,,,,,,
Marisa Salinas,No,43635837235060,No,Yes,,,,,,
Albie Hutchings,No,40994738174354,No,Yes,,,,,,
Troy Wicks,Yes,43004933980582,Yes,No,,,,,,
Richard King,Yes,44770892568667,Yes,Yes,,,,,,
Kaylen Galvan,No,40059011855838,No,No,,,,,,
Yanis Duggan,Yes,42793366787229,No,Yes,,,,,,
Riaz Parkes,No,40088268576213,No,Yes,,,,,,
Indi Lawrence,Yes,44437534812000,No,No,,,,,,
Colette Dunn,Yes,43407248481151,No,Yes,,,,,,
Mollie Mathis,Yes,44563415455369,No,Yes,,,,,,
Leen Combs,No,43265584009598,No,Yes,,,,,,
Jacqueline Rooney,No,43801402166562,Yes,Yes,,,,,,
Ema Morse,No,40050889839071,No,No,,,,,,
Gia Hughes,No,42695782216694,No,Yes,,,,,,
Zayna Nieves,No,43407665662350,No,Yes,,,,,,
Bruce Calderon,No,43745980830372,No,No,,,,,,
Sahib Brewer,No,40367588439302,No,No,,,,,,
Clive Hooper,No,41988570063002,Yes,No,,,,,,
Matteo Coulson,No,44358788600103,No,No,,,,,,
Zidan Jaramillo,Yes,41497776770497,No,No,,,,,,
Noor Owens,No,44593072335726,No,Yes,,,,,,
Calista Rennie,Yes,41098860334866,No,No,,,,,,
Ophelia Avalos,Yes,41956861713880,Yes,Yes,,,,,,
Jodi Crane,No,43009020481799,Yes,Yes,,,,,,
Ed Bates,No,44957731033102,No,Yes,,,,,,
Aiza Jones,No,42142435320870,No,No,,,,,,
Hussein Salas,No,40934849333239,No,Yes,,,,,,
Jak Barnes,Yes,41295669415379,Yes,Yes,,,,,,
Lyndon Bonner,No,44200097151435,No,Yes,,,,,,
Roksana England,Yes,41217189503164,Yes,No,,,,,,
Iestyn Bryan,No,42298719026992,Yes,Yes,,,,,,
Armani Prosser,No,42100690099914,No,Yes,,,,,,
Arham Mosley,No,42707047296101,No,No,,,,,,
Saira Joyner,No,40327414259617,Yes,No,,,,,,
Simeon Benitez,Yes,42699880976188,Yes,No,,,,,,
Chase Hawkins,Yes,43465118866308,No,Yes,,,,,,
Tea Tierney,Yes,42038035154592,No,No,,,,,,
Zeynep Cotton,Yes,41351694780028,No,Yes,,,,,,
Frazer Lister,Yes,41016922437866,No,No,,,,,,
Jazmyn Maxwell,No,41974139470250,Yes,Yes,,,,,,
Kitty Needham,Yes,43434557018263,Yes,Yes,,,,,,
Macauley O'Gallagher,Yes,40782693057117,Yes,Yes,,,,,,
Yusha Ayala,Yes,44684766169461,Yes,Yes,,,,,,
Brenna Morales,No,44561571116639,Yes,No,,,,,,
Ellie-Rose Brandt,Yes,42362397772983,Yes,Yes,,,,,,
Carwyn Hess,No,40663425293470,No,No,,,,,,
Uwais Valdez,No,42997520635926,Yes,No,,,,,,
Mila Saunders,No,43569604923441,Yes,No,,,,,,
Noa Plummer,Yes,41294876478631,Yes,Yes,,,,,,
Asma Rahman,No,44494855513322,Yes,No,,,,,,
Aneesah White,Yes,44099107727409,Yes,Yes,,,,,,
Sumaiya Peterson,No,43434259353873,No,Yes,,,,,,
Emily Kay,Yes,44403820198149,Yes,No,,,,,,
Lleyton Nieves,No,42781501635680,Yes,No,,,,,,
Vickie Pate,Yes,44701512613237,Yes,Yes,,,,,,
Saniya Espinosa,Yes,41726384615428,No,No,,,,,,
Mina Greenaway,No,41671531108913,No,Yes,,,,,,
Mira Baird,Yes,40886257774252,Yes,Yes,,,,,,
Denis Cisneros,Yes,44218159928493,No,Yes,,,,,,
Dave North,Yes,41295050688007,No,No,,,,,,
Marta Rivas,Yes,42474373559582,Yes,No,,,,,,
Sapphire Banks,Yes,40434533862865,Yes,Yes,,,,,,
Yehuda Espinoza,No,42705639540617,No,Yes,,,,,,
Anis Morris,No,40377825026024,Yes,No,,,,,,
Alayna Greene,No,42059570052200,Yes,Yes,,,,,,
Jamelia Irving,Yes,43062529420635,Yes,No,,,,,,
Donald Whitney,Yes,44430435416510,Yes,Yes,,,,,,
Henna Gardner,Yes,43642793006014,No,No,,,,,,
Rufus Wormald,No,41935189117346,Yes,Yes,,,,,,
Nishat Brady,No,42689888125921,Yes,Yes,,,,,,
Charlie Yoder,No,44709499950275,No,No,,,,,,
Yuvraj Leonard,Yes,40016514242380,No,Yes,,,,,,
Cataleya Dean,No,41922955582233,No,No,,,,,,
Lilly-Mai Ewing,No,43734585388563,No,No,,,,,,
Finley Shannon,Yes,44666872939291,Yes,Yes,,,,,,
Maiya Finney,Yes,43988789173784,No,No,,,,,,
Pauline Wall,Yes,44883750292078,Yes,Yes,,,,,,
Ptolemy Ryder,Yes,41725644109332,No,Yes,,,,,,
Daniel Hughes,No,42931936789973,Yes,Yes,,,,,,
Madison Stephens,Yes,40610423498303,Yes,No,,,,,,
Gracie-Mai Ponce,No,41325487544162,No,No,,,,,,
Nichole Nicholls,Yes,43162215202107,No,No,,,,,,
Lydia Brook,No,40534413455599,No,Yes,,,,,,
Eric Sharples,Yes,40715654036556,Yes,No,,,,,,
Marie Weiss,No,41165903960593,Yes,No,,,,,,
Trevor Mckee,No,41139729409922,Yes,Yes,,,,,,
Jobe Malone,Yes,40940228159576,No,Yes,,,,,,
Leon Hopper,Yes,41476509148366,No,Yes,,,,,,
Lindsey Hamer,Yes,41726493206178,No,Yes,,,,,,
Tyreece Briggs,No,42352721198490,No,Yes,,,,,,
Lennon Downes,Yes,43987135561370,No,Yes,,,,,,
Lennie Lewis,Yes,41304764662699,Yes,Yes,,,,,,
Mustafa Sears,Yes,41189236367812,Yes,No,,,,,,
Stacey Wallace,Yes,40586965057828,No,Yes,,,,,,
Keeley Mccaffrey,No,42466563824908,No,No,,,,,,
Hayleigh Reyes,No,40289008125548,No,Yes,,,,,,
Taylan Lamb,No,40598993587748,Yes,No,,,,,,
Saima Fernandez,Yes,42714766236036,No,No,,,,,,
Jayde Carney,Yes,41142557880596,No,No,,,,,,
Tiago Davila,No,40861119403088,Yes,Yes,,,,,,
Cerys Hood,Yes,43982687546034,Yes,Yes,,,,,,
Derrick Ritter,Yes,43208625955046,Yes,Yes,,,,,,
Nathan Hickman,No,44385219669226,Yes,No,,,,,,
Arsalan Singleton,Yes,41754006369572,Yes,Yes,,,,,,
Ceri Davenport,Yes,44313820516650,Yes,Yes,,,,,,
Boyd Ireland,No,43698258768104,Yes,Yes,,,,,,
Karson Sykes,No,41374471112976,No,No,,,,,,
Jack Curran,Yes,43274346378010,Yes,No,,,,,,
Lani Swan,No,44243804433431,Yes,No,,,,,,
Abbigail Black,No,41345296315491,No,Yes,,,,,,
Indiana Wang,Yes,42605177813922,No,No,,,,,,
Iestyn Daly,Yes,42475134320206,Yes,No,,,,,,
Samiyah Devine,No,42899819211241,No,No,,,,,,
Angelina Hines,No,43823356582575,Yes,No,,,,,,
Vivaan Bostock,Yes,44880741864056,No,Yes,,,,,,
Kelsea Barrow,Yes,41162866150189,Yes,No,,,,,,
Murphy Phillips,No,41580911975305,Yes,Yes,,,,,,
Joann Hogan,No,44778610414448,No,No,,,,,,
Norman Jeffery,Yes,42215662539759,No,Yes,,,,,,
Gideon Acosta,Yes,40196341528874,No,No,,,,,,
Isabella-Rose Mccall,Yes,40610493438330,Yes,No,,,,,,
Hal Penn,No,43275524699496,No,Yes,,,,,,
Eadie Dolan,Yes,41228905567230,No,No,,,,,,
Alayah Lynch,Yes,41325228266904,No,Yes,,,,,,
Geoffrey Thorpe,Yes,42512181269735,No,Yes,,,,,,
Ayaan Pitts,No,41384813235241,No,No,,,,,,
Gia Robles,Yes,42278989807739,Yes,Yes,,,,,,
Mairead Ball,Yes,41349828140744,Yes,No,,,,,,
Eathan Barron,No,41339076596103,Yes,Yes,,,,,,
Arwen Bell,Yes,40590761536848,No,Yes,,,,,,
Tallulah Humphries,No,42883295409906,Yes,Yes,,,,,,
Emilis Becker,No,43102231912152,No,Yes,,,,,,
Marianne Hubbard,Yes,44806418413137,Yes,Yes,,,,,,
Lylah O'Brien,No,40365411514807,Yes,Yes,,,,,,
Wesley Griffith,No,40884209021614,Yes,Yes,,,,,,
Zainab Soto,No,41283695143953,Yes,No,,,,,,
Ashley Diaz,No,41596421166821,Yes,No,,,,,,
Manon Talley,Yes,40187317141140,No,Yes,,,,,,
Stanislaw Wise,No,44142499124705,No,Yes,,,,,,
Carlos Hough,No,42044354256423,No,No,,,,,,
Can Ahmed,No,40202469152576,Yes,Yes,,,,,,
Tegan Kennedy,No,43442236269327,No,Yes,,,,,,
Duncan Johnson,No,40267147683361,No,Yes,,,,,,
Celyn Baker,Yes,43800748228746,No,Yes,,,,,,
Braxton Ibarra,Yes,42422323978285,Yes,No,,,,,,
Ianis Legge,Yes,44037507529595,No,Yes,,,,,,
Dominick Timms,Yes,42159996723410,No,Yes,,,,,,
Lilia Cook,Yes,44047965969686,Yes,No,,,,,,
Paula Velasquez,No,44429711071510,No,No,,,,,,
Tonya Pope,No,43774027795920,No,No,,,,,,
Tobi Charlton,No,42396509436774,No,Yes,,,,,,
Avery Wise,No,40698774697177,No,No,,,,,,
Zackery Booth,Yes,42465512230138,No,No,,,,,,
Betsy Tyson,Yes,43390940384774,No,Yes,,,,,,
Sanjay Henderson,Yes,42525025924762,No,No,,,,,,
Mehmet Byers,Yes,44167039588644,No,No,,,,,,
Harlee Case,No,41795240376159,No,No,,,,,,
Sherri Reilly,No,41524964648621,No,No,,,,,,
Rebekah Brett,Yes,44433139021385,No,Yes,,,,,,
Randall Brennan,No,43527276235921,No,No,,,,,,
Laaibah Nolan,No,40215142156203,No,Yes,,,,,,
Evie-Mai Guy,No,44405487291379,No,Yes,,,,,,
Husna Robin,No,41143709642755,Yes,Yes,,,,,,
Erin Paterson,No,40562688174143,No,Yes,,,,,,
Usama Ayala,No,41295878696467,Yes,No,,,,,,
Orlando Vargas,Yes,41582980572437,Yes,No,,,,,,
Roxie Lindsey,No,40921524184580,No,Yes,,,,,,
Darcey Moses,Yes,42065768981717,No,Yes,,,,,,
Landon Franco,Yes,41137756945779,Yes,No,,,,,,
Norma Park,Yes,40507552504339,No,No,,,,,,
Eshal Baird,No,41603690348244,No,No,,,,,,
Linzi Paul,No,40133146355620,Yes,Yes,,,,,,
Marianne Bryant,Yes,41106254146555,Yes,Yes,,,,,,
Maddie Hardin,Yes,40459090429639,Yes,No,,,,,,
Keon Bowes,No,42845121933597,Yes,Yes,,,,,,
Junayd Edge,Yes,43193298840118,Yes,No,,,,,,
Enya Cummings,Yes,44290638950977,No,Yes,,,,,,
Aden Hodges,Yes,43116455505404,Yes,Yes,,,,,,
Kim Cowan,No,42855480273013,No,Yes,,,,,,
Carl Krueger,Yes,44840743971342,No,No,,,,,,
Otis Jacobson,Yes,41998850264152,Yes,Yes,,,,,,
Juniper Chan,Yes,40097531996679,Yes,No,,,,,,
Jordanne Riddle,Yes,43322729217928,Yes,No,,,,,,
Jessica Irving,No,42093259304138,No,Yes,,,,,,
Izabella Snyder,No,44500995574461,Yes,No,,,,,,
Kirstie Strong,No,41669653123490,Yes,Yes,,,,,,
Elin Villarreal,Yes,43630349261538,No,Yes,,,,,,
Paula Philip,Yes,43697480857795,Yes,Yes,,,,,,
Cameron Nicholson,No,41488158358189,No,No,,,,,,
Avaya Solomon,No,43916768311398,Yes,Yes,,,,,,
Evelyn Firth,Yes,40365173872448,Yes,Yes,,,,,,
Maksim Maguire,No,40480738846320,No,Yes,,,,,,
Kara John,Yes,41112553220677,No,Yes,,,,,,
Tommie Ray,No,44958581091357,Yes,No,,,,,,
Conna Sparks,Yes,44967823840104,No,Yes,,,,,,
Giselle Harris,No,44865701423346,Yes,No,,,,,,
Aj Britt,Yes,43693143088906,No,No,,,,,,
Alicja Mcbride,No,40731594846292,Yes,No,,,,,,
Sienna-Rose Flowers,Yes,43158469476626,No,Yes,,,,,,
Skye Morse,No,40714970626827,No,Yes,,,,,,
Jax Lyon,Yes,40178145093257,No,No,,,,,,
Eleni Riggs,Yes,41067992037013,Yes,No,,,,,,
Montgomery Power,Yes,42731219972311,Yes,No,,,,,,
Sheena Mccarthy,No,43879938699842,No,No,,,,,,
Barbara Eastwood,Yes,41024836756707,No,Yes,,,,,,
Noa Frost,Yes,43212355531455,No,Yes,,,,,,
Rocky Johns,Yes,40334864557679,No,Yes,,,,,,
Lulu Whiteley,No,43782835026541,No,No,,,,,,
Rumaisa Oconnor,No,43692954626796,No,No,,,,,,
Aneesah Guzman,No,43452968013923,Yes,No,,,,,,
Mayur Figueroa,No,41983535652107,Yes,No,,,,,,
Octavia Terry,Yes,43661090116144,No,Yes,,,,,,
Brayden Guerrero,Yes,41024757642983,Yes,No,,,,,,
Frederic Burrows,No,42423729951183,Yes,Yes,,,,,,
Yisroel Finch,Yes,43361316614558,No,No,,,,,,
Jana Ellwood,Yes,40463548605048,No,Yes,,,,,,
Graham Nairn,No,44016924203864,No,No,,,,,,
Ameerah Beil,Yes,42948186800257,Yes,No,,,,,,
Allegra Major,No,41856769087979,Yes,Yes,,,,,,
Britney Nunez,Yes,40290948027080,Yes,Yes,,,,,,
Brendon Liu,Yes,44903608493516,Yes,Yes,,,,,,
Kenya Vaughan,No,42370600885571,Yes,No,,,,,,
Ricky Dupont,Yes,41343586822550,Yes,Yes,,,,,,
Prince Tucker,No,41831331276815,Yes,Yes,,,,,,
Chiara Mcleod,Yes,42572891418015,Yes,No,,,,,,
Fannie Mayer,No,44536870248435,No,Yes,,,,,,
Aoife Foreman,No,41538051867039,No,Yes,,,,,,
Vinay Riley,No,43963676016310,Yes,Yes,,,,,,
Ocean Cote,No,41048446904968,Yes,Yes,,,,,,
Issac Blevins,Yes,40604479969835,Yes,No,,,,,,
Darren Benton,Yes,40700953349185,No,No,,,,,,
Amaan Bean,No,43125353330175,No,Yes,,,,,,
Kelsea Higgins,No,43849184276497,No,No,,,,,,
Elora O'Neill,Yes,40594938231102,Yes,Yes,,,,,,
Campbell Hirst,Yes,42747735248710,No,Yes,,,,,,
Effie Stone,Yes,41726493206178,No,Yes,,,,,,
Raiden Amin,No,40927635575936,No,No,,,,,,
Anthony Humphreys,No,42936892551217,Yes,No,,,,,,
Darcie Albert,No,41624597740134,No,Yes,,,,,,
Suranne Timms,Yes,44504256553103,No,No,,,,,,
Cassie Vickers,Yes,43669054826341,No,Yes,,,,,,
Bruce Sweet,Yes,42497773637641,No,Yes,,,,,,
Jardel Banks,No,40225776135998,No,Yes,,,,,,
Sabah Conrad,Yes,41408596990083,No,No,,,,,,
Athena Christensen,No,42176186780771,No,Yes,,,,,,
Blossom Burke,No,44632091674074,No,Yes,,,,,,
Samiyah Fowler,No,41427640404947,No,No,,,,,,
Ameena Wills,Yes,44046414951457,No,No,,,,,,
Kishan Odling,Yes,43842268931402,No,Yes,,,,,,
Tyra Santos,Yes,40326365642614,Yes,Yes,,,,,,
Nathanial Hagan,Yes,43480728353384,No,Yes,,,,,,
Hiba North,Yes,44951410094985,No,No,,,,,,
Tate Francis,No,42087216851913,Yes,No,,,,,,
Maryam O'Brien,No,41062811567615,Yes,Yes,,,,,,
Patricia Hamer,Yes,44271785266809,Yes,No,,,,,,
Monica Miller,Yes,40388865106070,Yes,No,,,,,,
Haleema Vasquez,No,41599309682533,No,Yes,,,,,,
Melody Adams,Yes,42004040599098,No,Yes,,,,,,
Gail Mccoy,Yes,44400415214821,Yes,Yes,,,,,,
Amelia-Lily Spooner,No,43614257708667,No,No,,,,,,
Roan Love,Yes,40975158976052,Yes,No,,,,,,
Callan Rubio,Yes,40875576048690,No,No,,,,,,
Honor Gaines,No,43477093580690,Yes,Yes,,,,,,
Brandi Graham,Yes,44076781929016,Yes,No,,,,,,
Asia Bryan,No,43284470766912,No,Yes,,,,,,
Danni Sosa,No,42931635704070,No,Yes,,,,,,
Ezra Atkins,Yes,43807914553828,No,No,,,,,,
Jordanne Pierce,Yes,44361527463655,No,No,,,,,,
Bronte Betts,Yes,43101660020376,No,No,,,,,,
Kofi Pearce,No,44492599913592,No,Yes,,,,,,
Cecilia Mann,No,40234502199733,No,Yes,,,,,,
Hadiqa Glenn,Yes,43837271330645,Yes,No,,,,,,
Sidney Lambert,No,41692907445008,No,No,,,,,,
Giorgia Murphy,Yes,40809418143767,Yes,Yes,,,,,,
Vikram Rosario,Yes,41903754386854,No,No,,,,,,
Alysha Lu,No,41507337645199,No,No,,,,,,
Tanvir Farrington,No,44624472367097,Yes,No,,,,,,
Owais Piper,Yes,43887019015644,No,No,,,,,,
Merryn Bishop,Yes,42400972779520,No,No,,,,,,
Asma Begum,No,40595640537713,Yes,Yes,,,,,,
Kimberley Lawson,Yes,40973431782121,No,No,,,,,,
Zayna Pace,Yes,41661408630982,Yes,No,,,,,,
Duane Atkinson,No,44428387151867,Yes,No,,,,,,
Giorgio Pratt,Yes,44484144673116,Yes,No,,,,,,
Matylda Schneider,No,40932717692788,No,Yes,,,,,,
Harleigh Mcgrath,No,40454734843429,Yes,No,,,,,,
Jaylen Hough,No,44745221286139,Yes,No,,,,,,
Jannah Kirby,No,42155846487036,No,No,,,,,,
Codie Horne,Yes,42979111417154,No,No,,,,,,
Isadora Davies,Yes,43881605081837,Yes,Yes,,,,,,
Tobi Stuart,No,42074011775431,No,Yes,,,,,,
Brooke Wilder,Yes,44995514052110,Yes,No,,,,,,
Luqman Lim,No,44401201369433,No,Yes,,,,,,
Shelbie Rasmussen,No,44433973069915,Yes,No,,,,,,
Zofia Tucker,Yes,42394467819900,Yes,No,,,,,,
Raul Coffey,Yes,41647520294726,Yes,No,,,,,,
Marisa Melton,No,40249993682632,No,No,,,,,,
Sheldon Foster,No,41146072977758,No,Yes,,,,,,
Reginald Snyder,No,42355335788660,No,No,,,,,,
Dolly Brett,No,44344233569410,No,Yes,,,,,,
Tommy Carter,No,40607640912399,Yes,Yes,,,,,,
Roscoe Neale,Yes,44183067404657,No,No,,,,,,
Josie Frederick,No,41414864381202,No,Yes,,,,,,
Ozan Mercer,No,44821444823495,No,No,,,,,,
Bradlee Chaney,No,40249423405897,No,No,,,,,,
Jerry Vaughan,No,40904048347290,Yes,No,,,,,,
Julian Grey,No,42317847990415,No,No,,,,,,
Shanaya Xiong,No,40311926895526,No,Yes,,,,,,
Denis Short,Yes,44241733148432,No,No,,,,,,
Tanya Guzman,Yes,44105843612169,Yes,Yes,,,,,,
Leah Horn,No,41604124640182,No,No,,,,,,
Ubaid Merrill,No,42718031285465,Yes,Yes,,,,,,
Shawn Slater,No,41617296074561,No,No,,,,,,
Anya Ibarra,Yes,41298086594561,No,Yes,,,,,,
Zakariah Petersen,Yes,41135088596800,No,Yes,,,,,,
Kathryn Stark,No,44125005479643,No,Yes,,,,,,
Beulah Lowery,No,41448753060328,No,Yes,,,,,,
Caine Collins,Yes,42234763296402,No,Yes,,,,,,
Emeli Whitfield,Yes,42493894520687,No,No,,,,,,
Winston Lozano,No,40755065168052,Yes,No,,,,,,
Zahid Dale,Yes,44004829956045,No,No,,,,,,
Pascal Spencer,Yes,40819546583452,No,No,,,,,,
Jon Edge,No,44176249559584,Yes,No,,,,,,
Hugo Mcgregor,No,44490247248306,No,Yes,,,,,,
Aarav Potts,Yes,44045710588586,Yes,No,,,,,,
Luciano Arroyo,No,40603874871898,No,No,,,,,,
Romario Reilly,No,42996679565267,No,No,,,,,,
Susannah Estes,Yes,41688846458896,Yes,Yes,,,,,,
Ebrahim Bolton,Yes,43579993379385,Yes,No,,,,,,
Zidane Henson,Yes,44482765709809,Yes,Yes,,,,,,
Sarah Hardy,No,40658764578006,No,Yes,,,,,,
Sadia Lester,Yes,40441152716763,No,No,,,,,,
Vanesa Taylor,Yes,41995245088974,No,Yes,,,,,,
Sanjay Carroll,No,42163794269954,No,No,,,,,,
Christine Leblanc,Yes,44242167290690,Yes,No,,,,,,
Brenda Kirkpatrick,Yes,43142017999197,No,No,,,,,,
Rita Lyons,Yes,43483108364943,No,No,,,,,,
Eliana Norman,No,41802831084352,No,Yes,,,,,,
Daniela Contreras,No,41430037195821,Yes,No,,,,,,
Bianka Andersen,No,40213151344521,No,Yes,,,,,,
Makenzie Sykes,No,44230361315347,No,No,,,,,,
Edwin Buchanan,Yes,43693143088906,No,Yes,,,,,,
Vinnie Mackay,No,43998239590414,No,No,,,,,,
Ivy Goldsmith,No,43106352471308,No,Yes,,,,,,
Emil Bates,Yes,43999563343246,Yes,No,,,,,,
Finn Burrows,No,42278433746310,Yes,No,,,,,,
Cairon Watson,Yes,43205941300887,No,Yes,,,,,,
Hannah Carrillo,Yes,44006297744868,No,Yes,,,,,,
Neve Stevenson,No,40053718936039,No,No,,,,,,
Leja Gray,No,40698724991369,No,No,,,,,,
Jean-Luc Powell,Yes,41769001908628,No,No,,,,,,
Lacie Whelan,Yes,42186938877547,Yes,Yes,,,,,,
Tiarna Phelps,Yes,41143471092888,Yes,No,,,,,,
Aimie Hogg,Yes,41964506317810,No,Yes,,,,,,
Md Moore,Yes,43971032674570,Yes,Yes,,,,,,
Luc Pearce,Yes,41840894981736,Yes,Yes,,,,,,
Zoey Krueger,No,42546536939507,Yes,Yes,,,,,,
Momina Knox,Yes,41053993461147,Yes,Yes,,,,,,
Andrea Tomlinson,Yes,40883398555031,No,No,,,,,,
Diego Mcpherson,No,40079444598382,No,Yes,,,,,,
Dion Patton,Yes,41686631176980,Yes,Yes,,,,,,
Mica Mitchell,No,43854206801853,Yes,Yes,,,,,,
Roscoe Cabrera,Yes,44491506924333,No,No,,,,,,
Ayana Handley,No,43231700889593,Yes,Yes,,,,,,
Preston Bailey,No,42689265966864,No,No,,,,,,
Ellie-May Klein,Yes,42763605749470,Yes,No,,,,,,
Areeb Welsh,No,40171985965735,No,Yes,,,,,,
Mylee Young,Yes,40981957212139,Yes,Yes,,,,,,
Donte Mercado,Yes,44825048406574,Yes,No,,,,,,
Natan Christie,Yes,42495412465516,Yes,Yes,,,,,,
Gurveer Carver,Yes,40710974011561,Yes,Yes,,,,,,
Archer Mclean,Yes,42752537727200,Yes,Yes,,,,,,
Janet Chase,No,40350041067232,Yes,No,,,,,,
Arwel Wade,No,42613884572884,No,No,,,,,,
Tate Blankenship,No,43616200350269,Yes,No,,,,,,
Shayne Atkins,No,41475321122974,No,Yes,,,,,,
Michael Lynn,Yes,44298033195759,Yes,Yes,,,,,,
Leonie Ramsay,No,42017755705784,No,Yes,,,,,,
Alison Lake,No,41628125779144,No,No,,,,,,
Terri Vang,No,43940115303248,Yes,Yes,,,,,,
Zaine Pitt,Yes,42948945909282,Yes,No,,,,,,
Tyrique Camacho,Yes,43412625367821,Yes,No,,,,,,
Esther Lu,Yes,40536574160870,No,Yes,,,,,,
Lucien Hamilton,No,44343225407850,Yes,No,,,,,,
Amaya Keller,No,43076416737942,Yes,No,,,,,,
Priyanka Beattie,Yes,41242737836122,No,Yes,,,,,,
Zac Newman,No,43394175995255,No,Yes,,,,,,
Renae Melia,No,44987495428728,Yes,No,,,,,,
Giles Montoya,No,41178254603060,Yes,Yes,,,,,,
Nabil Hagan,No,41110856660325,No,No,,,,,,
Enzo Raymond,Yes,43136831805935,No,No,,,,,,
Scott Lewis,Yes,42468324675264,No,Yes,,,,,,
Ellie-Mae Walton,Yes,43380180634412,Yes,No,,,,,,
Yousef Zavala,No,42673506617820,Yes,Yes,,,,,,
Ahyan Bishop,No,40644106073715,No,Yes,,,,,,
Esme-Rose Esquivel,No,42572319378524,No,No,,,,,,
Zi Puckett,Yes,42933097884751,Yes,No,,,,,,
Ursula Estes,No,40082883386106,Yes,No,,,,,,
Henley Larsen,Yes,40892660173197,Yes,Yes,,,,,,
Joely Armstrong,No,42664183223164,No,Yes,,,,,,
Arwa Blake,No,40500930887237,Yes,No,,,,,,
Sharna Ventura,Yes,40242565381593,Yes,No,,,,,,
Alfie-Jay Dennis,Yes,40343217418040,Yes,No,,,,,,
Safiyyah Barber,No,41104103576790,No,Yes,,,,,,
Jamil Mcleod,No,40435227980040,No,No,,,,,,
Jett Maguire,No,43996892406834,Yes,Yes,,,,,,
Aoife Paterson,Yes,40602432699031,Yes,Yes,,,,,,
Charlize Flower,Yes,41161167138663,No,Yes,,,,,,
Alaina Nieves,Yes,43798094961160,No,Yes,,,,,,
Harlen Hooper,No,40431303535521,No,Yes,,,,,,
Tanisha Grimes,Yes,44800894334047,No,Yes,,,,,,
Yasser Beil,No,43439742146606,No,No,,,,,,
Tayla Southern,Yes,44026896108999,Yes,No,,,,,,
Amy Mcloughlin,No,44991469790578,No,No,,,,,,
Pippa Clegg,No,42428110669745,No,Yes,,,,,,
Leo Truong,Yes,40330141008335,No,No,,,,,,
Dannielle Harrington,No,40185710158840,No,No,,,,,,
Areeba Cash,Yes,44219184807451,No,No,,,,,,
Mikayla Dickens,Yes,41235789480967,Yes,Yes,,,,,,
Ewen Joseph,No,41807476006279,No,No,,,,,,
Gabrielius Huffman,No,40750985482587,Yes,Yes,,,,,,
Lilly-Grace Salazar,No,40091627803764,No,No,,,,,,
Shanon Burt,Yes,42475554559495,No,No,,,,,,
Shreya Warren,Yes,44613423470170,No,Yes,,,,,,
Manal Goodman,Yes,43287620948623,No,Yes,,,,,,
Zephaniah Reid,No,43290316544510,Yes,No,,,,,,
Evan Hull,Yes,44594627739482,Yes,No,,,,,,
Gurdeep Bull,No,43217477239574,No,Yes,,,,,,
Taine Mullins,No,44912330330542,No,No,,,,,,
Bruno Finney,Yes,40098271471474,Yes,Yes,,,,,,
Safia Friedman,No,43733666378777,No,No,,,,,,
Christiana Berg,Yes,43164930685060,No,No,,,,,,
Renesmee Macfarlane,Yes,43864088426234,No,Yes,,,,,,
Kareem Felix,Yes,44859950957100,Yes,Yes,,,,,,
Molly Montgomery,No,44586664824576,No,No,,,,,,
Ayla Beard,Yes,42772416092937,Yes,Yes,,,,,,
Saskia Manning,No,41452621857495,No,Yes,,,,,,
Rosemarie O'Quinn,No,42188080112745,Yes,No,,,,,,
Rocky Crouch,Yes,43475788623341,No,No,,,,,,
Cem Mckee,No,40698106644101,No,Yes,,,,,,
Danish Wong,No,41228707289689,Yes,Yes,,,,,,
Jardel Vincent,Yes,41562125407502,Yes,Yes,,,,,,
Catrina Fitzpatrick,No,41226637107416,Yes,Yes,,,,,,
Celine Connolly,No,43332636943198,Yes,Yes,,,,,,
Rukhsar Wiley,No,41421910099487,Yes,No,,,,,,
Traci Carney,No,40249423405897,No,No,,,,,,
Rhea Choi,No,40230492362120,Yes,No,,,,,,
Lexie Elliott,No,42317847990415,Yes,Yes,,,,,,
Ayra Silva,No,44484907985994,No,No,,,,,,
Pharrell Bauer,No,44596546274643,No,No,,,,,,
Ignacy Costa,No,41133481562217,Yes,No,,,,,,
Anthony Ballard,Yes,41177638950778,No,No,,,,,,
Bradley Peralta,Yes,42591494874206,No,Yes,,,,,,
Jeanette Gillespie,No,42267228048711,No,No,,,,,,
Hiba Horn,Yes,42828375451204,Yes,Yes,,,,,,
Eamonn Greenwood,No,40981631900513,Yes,No,,,,,,
Franklyn Moreno,No,44441489781717,Yes,Yes,,,,,,
Caitlyn Blair,Yes,41209839065593,No,No,,,,,,
Isadora Worthington,Yes,43874962385838,Yes,No,,,,,,
Winnie Cross,Yes,44426990607270,No,No,,,,,,
Kaycee Dennis,Yes,42359051246695,No,No,,,,,,
Rahim Hurley,Yes,43896046581994,No,Yes,,,,,,
Akaash Warner,Yes,40546204432632,Yes,No,,,,,,
Fatima Hodge,Yes,40108121633503,Yes,Yes,,,,,,
Bree Reese,No,44269489726683,No,Yes,,,,,,
Carlton Graves,Yes,44774020381230,Yes,Yes,,,,,,
Kareem Coles,Yes,44466155553556,No,Yes,,,,,,
Freya Rodgers,Yes,42417464089508,No,Yes,,,,,,
Don Stevenson,Yes,44089229078192,No,Yes,,,,,,
Addie Horner,No,44024964961781,No,Yes,,,,,,
Geraldine Waller,No,44829726308503,No,No,,,,,,
Brodie Wardle,No,41603299694161,Yes,No,,,,,,
Montell Pollard,No,42271650585848,No,Yes,,,,,,
Franciszek Tomlinson,Yes,44717528467984,Yes,Yes,,,,,,
Percy Muir,Yes,42983834624768,No,Yes,,,,,,
Miley Cohen,Yes,41355099434852,Yes,No,,,,,,
Raiden Ayala,Yes,40099164196942,Yes,No,,,,,,
Ignacy Powers,No,44857234992427,Yes,No,,,,,,
Kirandeep Robinson,No,43855703449635,Yes,Yes,,,,,,
Khadeejah Neale,Yes,43885580492818,No,No,,,,,,
Aalia Vaughan,Yes,41998010651980,Yes,Yes,,,,,,
Claude Wilkes,Yes,40558242566073,Yes,No,,,,,,
Bethanie Mcleod,No,41900623232831,Yes,No,,,,,,
Jagoda Cunningham,No,42440055058062,Yes,No,,,,,,
Giles Duke,Yes,44087611783426,Yes,Yes,,,,,,
Romana Willis,Yes,44639174055303,Yes,Yes,,,,,,
Brenda Swanson,Yes,44116768745848,No,Yes,,,,,,
Ariya Wade,No,43152759348520,No,Yes,,,,,,
Harvir Bauer,No,43828226004697,No,No,,,,,,
Tasnim Allman,Yes,40303031027813,No,Yes,,,,,,
Arla Estrada,Yes,43972736451894,No,No,,,,,,
Hayley Ratliff,No,43011094838151,Yes,No,,,,,,
Sana Moon,Yes,41286144775721,Yes,Yes,,,,,,
Ella-Louise Pennington,Yes,43355547649438,Yes,No,,,,,,
Julie Wiggins,Yes,40962932037595,Yes,No,,,,,,
Ihsan Dougherty,Yes,40503580893891,Yes,No,,,,,,
Zakir Ryder,Yes,40457985504027,Yes,Yes,,,,,,
Sid Ridley,Yes,42405363573175,Yes,Yes,,,,,,
Arfa Buxton,Yes,43124284306062,No,Yes,,,,,,
Harvie Macdonald,No,41811629849340,No,No,,,,,,
Olivia-Mae Stanley,Yes,44633432323655,Yes,Yes,,,,,,
Caitlan Curran,Yes,42829344277205,Yes,Yes,,,,,,
Stefano Driscoll,No,43864148989461,No,No,,,,,,
Suzanna Tate,No,43690695406424,Yes,No,,,,,,
Aqsa Wallace,No,40024534988217,Yes,Yes,,,,,,
Brittany Mackie,Yes,43600649987639,Yes,No,,,,,,
Isaiah Clarke,Yes,43285968102927,No,Yes,,,,,,
Jayden Rutledge,Yes,42813466241230,No,Yes,,,,,,
Keeleigh Gaines,No,43834573479439,Yes,No,,,,,,
Jaydon Brandt,Yes,43350871512292,No,No,,,,,,
Leila Kearns,Yes,40708463465173,No,No,,,,,,
Marina Young,Yes,43519179668287,No,Yes,,,,,,
Zaina Haney,Yes,42410498358325,No,No,,,,,,
Yasmin Hughes,Yes,43504259172641,Yes,Yes,,,,,,
Kobi Villarreal,No,41144928698339,No,No,,,,,,
Haley Bruce,No,41692676356881,No,No,,,,,,
Ashley Guerra,No,42067026332500,No,No,,,,,,
Libbie Butler,No,42077148051481,No,No,,,,,,
Boris Keeling,No,40155433179280,No,No,,,,,,
Christiana Conley,No,44067481055259,Yes,Yes,,,,,,
Chance Brock,Yes,44042360867312,No,Yes,,,,,,
Nadeem Small,No,43235188494733,No,Yes,,,,,,
Dominika George,Yes,40689600002588,Yes,No,,,,,,
Jadine Armstrong,No,44140056820541,No,No,,,,,,
Aairah Benton,Yes,44590364944437,Yes,No,,,,,,
Jason Herrera,Yes,43859474262867,Yes,No,,,,,,
Matthias Frederick,Yes,41082673444652,No,No,,,,,,
Danielle Travers,No,42901251820424,Yes,No,,,,,,
Kayla Key,No,43746024168569,No,No,,,,,,
Katelyn Mcloughlin,Yes,41561642447115,Yes,Yes,,,,,,
Luciana Rose,No,44940691810140,Yes,Yes,,,,,,
Dennis Ventura,Yes,40045054849480,Yes,No,,,,,,
Rhydian Bostock,No,43395455716624,No,No,,,,,,
Ralph Crossley,No,44821663462250,No,Yes,,,,,,
Billy Vega,No,40534849789611,Yes,Yes,,,,,,
Farhaan Dixon,Yes,40738817343723,Yes,Yes,,,,,,
Naomi Rivas,Yes,44872796080076,No,Yes,,,,,,
Tiffany Huerta,No,41093223373923,No,No,,,,,,
Lillie Contreras,No,41037891436817,Yes,No,,,,,,
Anil Davila,Yes,42712009295355,Yes,Yes,,,,,,
Blossom Collier,Yes,42017177993319,No,Yes,,,,,,
Tyron Maxwell,Yes,40717742005980,No,Yes,,,,,,
Deborah Dejesus,Yes,43441538608430,No,Yes,,,,,,
Olli Delacruz,Yes,41398665738461,No,No,,,,,,
Patrycja Boyle,Yes,40107012435677,Yes,Yes,,,,,,
Katarina Meadows,Yes,41348992039947,No,No,,,,,,
Melina Hamilton,No,44928572355808,Yes,Yes,,,,,,
Zeynep Dunne,Yes,41207162457112,Yes,No,,,,,,
Vikki Mckinney,Yes,41894658688533,Yes,No,,,,,,
Mallory Walsh,No,41504804558806,No,No,,,,,,
Daanyaal Gregory,No,41171266503056,No,Yes,,,,,,
